virus_TaxName,virus_TaxID,virushost_TaxName
Beet ringspot virus (BRSV) (Tomato black ring virus (strain S)),,Apium graveolens (Celery)
Chloris striate mosaic virus (CSMV),,Hordeum vulgare (Barley)
Potato virus X (PVX),,Brassica campestris (Field mustard)
Avian metapneumovirus,38525,Meleagris gallopavo (Common turkey)
Ostreid herpesvirus 1 (OsHV-1) (Pacific oyster herpesvirus),261939,Crassostrea gigas (Pacific oyster) (Crassostrea angulata)
Variola virus,10255,Homo sapiens (Human)
Nile crocodilepox virus,1285600,Crocodylus porosus (Saltwater crocodile) (Estuarine crocodile)
Hepatitis B virus (HBV),10407,Homo sapiens (Human)
Hepatitis B virus (HBV),10407,Gorilla gorilla (western gorilla)
Tobacco yellow dwarf virus,10830,Nicotiana tabacum (Common tobacco)
Helicoverpa armigera stunt virus (HaSV),,Helicoverpa armigera (Cotton bollworm) (Heliothis armigera)
Corynephage omega,,Corynebacterium diphtheriae
Seoul virus,11608,Rattus norvegicus (Rat)
Bovine viral diarrhea virus (BVDV) (Mucosal disease virus),11099,Bos taurus (Bovine)
Guanarito mammarenavirus (isolate Human/Venezuela/NH-95551/1990) (GTOV),,Homo sapiens (Human)
Cryphonectria parasitica mitovirus 1 (strain American chestnut tree/New Jersey/NB631) (CMV1) (Cryphonectria mitovirus 1),,Cryphonectria parasitica (Chesnut blight fungus) (Endothia parasitica)
Cercopithecine herpesvirus 1 (CeHV-1) (Simian herpes B virus),10325,Macaca mulatta (Rhesus macaque)
Plum pox virus,12211,Prunus domestica (Garden plum)
Enterobacteria phage PRD1 (Bacteriophage PRD1),,Pseudomonas putida (Arthrobacter siderocapsulatus)
Vibrio phage KVP40 (Bacteriophage KVP40),75320,Vibrio parahaemolyticus
Bluetongue virus,40051,Antilocapra americana (Pronghorn)
Pseudomonas phage Pf1 (Bacteriophage Pf1),,Pseudomonas aeruginosa
Pepper mild mottle virus,12239,Vicia faba (Broad bean) (Faba vulgaris)
Barley yellow dwarf virus,12037,Hordeum vulgare (Barley)
Cowpox virus (CPV),,Mus musculus (Mouse)
Punta toro phlebovirus,,Phlebotomus papatasi (Sandfly)
Enterobacteria phage K1F (Bacteriophage K1F),,Escherichia coli
Turnip mosaic virus (strain Japanese) (TuMV),12230,Trifolium hybridum (Alsike clover)
Influenza A virus,11320,Equus caballus (Horse)
Gloriosa stripe mosaic virus (GSMV),,Papaver somniferum (Opium poppy)
Maize stripe virus (MStV),,Sorghum bicolor (Sorghum) (Sorghum vulgare)
Spiroplasma virus SpV1-R8A2 B (SpV1) (Spiroplasma virus 1),,Spiroplasma citri
Vesicular stomatitis Indiana virus,11277,Bos taurus (Bovine)
Alphapapillomavirus 9,337041,Homo sapiens (Human)
Dengue virus,12637,Homo sapiens (Human)
Borna disease virus (BDV),,Vicugna pacos (Alpaca) (Lama pacos)
Epstein-Barr virus (strain GD1) (HHV-4) (Human herpesvirus 4),10376,Homo sapiens (Human)
Simian foamy virus,11642,Pan troglodytes (Chimpanzee)
Foot-and-mouth disease virus,12110,Capra hircus (Goat)
Beet mosaic virus (BtMV),,Trifolium incarnatum (Crimson clover)
Tomato yellow leaf curl Sardinia virus (TYLCSV),,Malva parviflora (Little mallow) (Cheeseweed mallow)
Tomato black ring virus,12275,Solanum tuberosum (Potato)
Alfalfa mosaic virus,12321,Lens culinaris (Lentil) (Cicer lens)
Zaire ebolavirus,186538,Homo sapiens (Human)
Tomato torrado virus,370833,Solanum melongena (Eggplant) (Aubergine)
Tomato black ring virus,12275,Beta vulgaris (Sugar beet)
Avian hepatitis E virus,172851,Gallus gallus (Chicken)
Rift valley fever virus (RVFV),,Phlebotomus papatasi (Sandfly)
Potato virus S,12169,Solanum tuberosum (Potato)
Enterobacteria phage f1 (Bacteriophage f1),,Escherichia coli
Groundnut rosette virus,47740,Phaseolus vulgaris (Kidney bean) (French bean)
Chikungunya virus (CHIKV),37124,Aedes albopictus (Asian tiger mosquito) (Stegomyia albopicta)
Influenza A virus,11320,Felis catus (Cat) (Felis silvestris catus)
Hendra virus,63330,Homo sapiens (Human)
Feline calicivirus,11978,Felis catus (Cat) (Felis silvestris catus)
Human parainfluenza 2 virus (HPIV-2),,Homo sapiens (Human)
Rhinovirus B,147712,Homo sapiens (Human)
Murine pneumonia virus,11263,Mus musculus (Mouse)
Barley yellow mosaic virus (BaYMV),12465,Hordeum vulgare (Barley)
Sheep pulmonary adenomatosis virus (Jaagsiekte sheep retrovirus) (JSRV),,Ovis aries (Sheep)
Zucchini yellow mosaic virus,12232,Citrullus lanatus (Watermelon) (Citrullus vulgaris)
Rotavirus (isolate Human/Bangladesh/ADRV-N B219/2002) (RV ADRV-N) (Rotavirus (isolate novel adult diarrhea rotavirus-B219)),,Homo sapiens (Human)
Striped jack nervous necrosis virus (SjNNV),,Hippoglossus hippoglossus (Atlantic halibut) (Pleuronectes hippoglossus)
Peanut stunt virus,12313,Glycine max (Soybean) (Glycine hispida)
Enterobacteria phage RB69 (Bacteriophage RB69),,Escherichia coli
Influenza B virus,11520,Homo sapiens (Human)
Hirame rhabdovirus,38142,Acanthopagrus schlegelii (Black porgy)
Enterobacteria phage RB8 (Bacteriophage RB8),,Escherichia coli
Alfalfa mosaic virus,12321,Capsicum annuum (Bell pepper)
Meleagrid herpesvirus 1 (MeHV-1) (Turkey herpesvirus),,Gallus gallus (Chicken)
Potato yellow mosaic virus,10827,Solanum tuberosum (Potato)
Vesicular stomatitis Indiana virus,11277,Equus asinus (Donkey) (Equus africanus asinus)
Tomato yellow leaf curl Sardinia virus (TYLCSV),,Solanum lycopersicum (Tomato) (Lycopersicon esculentum)
Enterovirus E,12064,Bos taurus (Bovine)
Venezuelan equine encephalitis virus,11036,Didelphis marsupialis (Southern opossum)
Apple chlorotic leaf spot virus,12175,Prunus domestica (Garden plum)
Mamastrovirus 1,1239565,Homo sapiens (Human)
Melanoplus sanguinipes entomopoxvirus (MsEPV),,Melanoplus sanguinipes (Migratory grasshopper)
Cowpea severe mosaic virus,12261,Glycine max (Soybean) (Glycine hispida)
Simian foamy virus,11642,Homo sapiens (Human)
Hepatitis E virus (HEV),12461,Mus musculus (Mouse)
Encephalomyocarditis virus,,Homo sapiens (Human)
Ross River virus,11029,Homo sapiens (Human)
Enterobacteria phage M13 (Bacteriophage M13),,Escherichia coli
Maize streak virus,10821,Oryza glaberrima (African rice)
Fujinami sarcoma virus,,Gallus gallus (Chicken)
Theilovirus,204711,Mus musculus (Mouse)
Bean golden yellow mosaic virus,220340,Phaseolus vulgaris (Kidney bean) (French bean)
Grapevine chrome mosaic virus (GCMV) (Hungarian grapevine chrome mosaic virus),,Vitis vinifera (Grape)
Wheat dwarf virus,10834,Hordeum vulgare (Barley)
Panicum mosaic virus,40279,Panicum virgatum (Switchgrass)
Porcine torovirus,237020,Sus scrofa (Pig)
Western equine encephalitis virus (WEEV),,Culex tarsalis (Encephalitis mosquito)
Tobacco ringspot virus (TobRV) (TRSV),12282,Phaseolus vulgaris (Kidney bean) (French bean)
Odontoglossum ringspot virus,12238,Nicotiana tabacum (Common tobacco)
Pipapillomavirus 2,1176145,Micromys minutus (European harvest mouse)
Sugarcane mosaic virus,12224,Zea mays (Maize)
Sunn-hemp mosaic virus (SHMV) (TMV strain cowpea),,Vigna unguiculata (Cowpea)
Suid herpesvirus 1 (Pseudorabies virus),10345,Sus scrofa (Pig)
Avian infectious bursal disease virus (IBDV) (Gumboro disease virus),10995,Gallus gallus (Chicken)
Tobacco mild green mosaic virus (TMGMV) (TMV strain U2),,Capsicum annuum (Bell pepper)
Betacoronavirus 1,694003,Bos taurus (Bovine)
Viral hemorrhagic septicemia virus,11287,Salmo trutta (Brown trout)
California encephalitis virus,35305,Equus caballus (Horse)
Vaccinia virus,10245,Equus caballus (Horse)
Latino mammarenavirus (isolate Rat/Bolivia/MARU 1924/1965) (LATV),,Calomys callosus (Large vesper mouse)
Seoul virus,11608,Homo sapiens (Human)
Rotavirus A,28875,Equus caballus (Horse)
Cowpea severe mosaic virus,12261,Phaseolus vulgaris (Kidney bean) (French bean)
Cowpea mosaic virus (CPMV),12264,Vigna unguiculata (Cowpea)
Barley yellow dwarf virus (isolate PAV) (BYDV),,Triticum aestivum (Wheat)
Rotavirus A,28875,Sus scrofa (Pig)
Molluscum contagiosum virus,10279,Homo sapiens (Human)
Murray Valley encephalitis virus,11079,Homo sapiens (Human)
Peanut stunt virus,12313,Arachis hypogaea (Peanut)
Pepper ringspot virus,31750,Viola arvensis (European field pansy) (Field violet)
Lactococcus phage mv1 (Lactococcus delbrueckii bacteriophage mv1),,Lactobacillus delbrueckii
Murine leukemia virus,11786,Mus musculus (Mouse)
Murine coronavirus,694005,Mus musculus (Mouse)
Myxoma virus,10273,Oryctolagus cuniculus (Rabbit)
Vesicular stomatitis New Jersey virus,11280,Homo sapiens (Human)
European elk papillomavirus (EEPV),,Cervus elaphus (Red deer)
Barley yellow dwarf virus (isolate MAV) (BYDV),12038,Lolium perenne (Perennial ryegrass)
Equine mastadenovirus B,129955,Equus caballus (Horse)
Rice ragged stunt virus (RRSV),42475,Oryza rufipogon (Brownbeard rice) (Asian wild rice)
Rice hoja blanca virus,12332,Oryza sativa (Rice)
Human immunodeficiency virus 1,11676,Homo sapiens (Human)
Infectious salmon anemia virus,55987,Salmo salar (Atlantic salmon)
Tobacco ringspot virus (TobRV) (TRSV),,Solanum lycopersicum (Tomato) (Lycopersicon esculentum)
Crimean-Congo hemorrhagic fever virus,11593,Ovis aries (Sheep)
Enterobacteria phage RB27 (Bacteriophage RB27),,Escherichia coli
Groundnut rosette virus,47740,Medicago sativa (Alfalfa)
Sulfolobus islandicus filamentous virus (SIFV),176106,Sulfolobus islandicus
Satellite tobacco mosaic virus (STMV),12881,Tulipa gesneriana (Garden tulip)
Dugbe virus,,Homo sapiens (Human)
African cassava mosaic virus,10817,Jatropha multifida (Coralbush)
Lettuce mosaic virus,12202,Spinacia oleracea (Spinach)
Koala retrovirus (KoRV),,Phascolarctos cinereus (Koala)
Cucumber necrosis virus (CNV),,Cucumis sativus (Cucumber)
Rabies virus,11292,Homo sapiens (Human)
Enterobacteria phage MS2 (Bacteriophage MS2),329852,Escherichia coli
Streptococcus pyogenes phage T12 (Bacteriophage T12),,Streptococcus pyogenes
Isfahan virus (ISFV),,Homo sapiens (Human)
Alcelaphine herpesvirus 1 (wildebeest herpesvirus),35252,Connochaetes gnou (Black wildebeest)
Bean pod mottle virus,12260,Phaseolus vulgaris (Kidney bean) (French bean)
Peanut clump virus,28355,Sorghum bicolor (Sorghum) (Sorghum vulgare)
Cowpox virus (CPV),,Felis catus (Cat) (Felis silvestris catus)
Alphapapillomavirus 10,333754,Pan paniscus (Pygmy chimpanzee) (Bonobo)
Rice black streaked dwarf virus (RBSDV),,Zea mays (Maize)
Avian coronavirus,694014,Gallus gallus (Chicken)
Belladonna mottle virus (BMDV),,Atropa belladonna (Belladonna) (Deadly nightshade)
Cypovirus 1 (CPV-1),205895,Lymantria dispar (Gypsy moth) (Porthetria dispar)
Tomato yellow leaf curl Sardinia virus (TYLCSV),123735,Solanum nigrum (Black nightshade)
Brome mosaic virus (BMV),,Bromus inermis (Smooth brome grass) (Bromopsis inermis)
African green monkey simian foamy virus,338079,Homo sapiens (Human)
Orf virus (ORFV),10258,Capra hircus (Goat)
Bean leafroll virus (BLRV),,Vigna unguiculata (Cowpea)
Rice gall dwarf virus (RGDV),,Nephotettix cincticeps (Green rice leafhopper) (Selenocephalus cincticeps)
Foot-and-mouth disease virus,12110,Rattus norvegicus (Rat)
Rinderpest virus,11241,Bos taurus (Bovine)
Bacillus phage B103 (Bacteriophage B103),10778,Bacillus subtilis
Enterobacteria phage 82 (Bacteriophage 82),,Escherichia coli
Barley yellow dwarf virus (isolate PAV) (BYDV),12040,Hordeum vulgare (Barley)
Tobamovirus Ob,,Nicotiana tabacum (Common tobacco)
Enterobacteria phage PA-2 (Bacteriophage PA-2),,Escherichia coli
Gloriosa stripe mosaic virus (GSMV),,Medicago sativa (Alfalfa)
Betacoronavirus 1,694003,Homo sapiens (Human)
Staphylococcus phage phiMR11,,Staphylococcus aureus
Encephalomyocarditis virus,12104,Oryctolagus cuniculus (Rabbit)
Enterobacteria phage fd (Bacteriophage fd),,Escherichia coli
Grapevine leafroll-associated virus 3,55951,Vitis vinifera (Grape)
Enterobacteria phage 933W sensu lato,374810,Shigella sonnei
Tupaia paramyxovirus (TPMV),,Tupaia belangeri (Common tree shrew) (Tupaia glis belangeri)
Pseudomonas phage PP7 (Bacteriophage PP7),,Pseudomonas aeruginosa
Escherichia phage Bf23 (Enterobacteria phage BF23),,Escherichia coli
Rift valley fever virus (RVFV),,Capra hircus (Goat)
Bacillus phage phi29 (Bacteriophage phi-29),,Bacillus subtilis
Avian infectious bursal disease virus (IBDV) (Gumboro disease virus),,Meleagris gallopavo (Common turkey)
Louping ill virus (Li),,Ovis aries (Sheep)
Mushroom bacilliform virus,32625,Agaricus bisporus (White button mushroom)
Porcine reproductive and respiratory syndrome virus (PRRSV),28344,Sus scrofa (Pig)
Tobacco rattle virus,12295,Capsicum annuum (Bell pepper)
Betacoronavirus 1,694003,Equus caballus (Horse)
Alphapapillomavirus 8,333757,Homo sapiens (Human)
Pepper ringspot virus,31750,Capsicum annuum (Bell pepper)
Lumpy skin disease virus (LSDV),,Bos taurus (Bovine)
Rotavirus B,28876,Rattus norvegicus (Rat)
Maize mosaic virus (MMV),279896,Sorghum bicolor (Sorghum) (Sorghum vulgare)
Japanese encephalitis virus,11072,Sus scrofa (Pig)
Tobacco rattle virus,12295,Stellaria media (Common chickweed) (Alsine media)
Human metapneumovirus,162145,Homo sapiens (Human)
Spiroplasma virus SpV1-C74 (SpV1),,Spiroplasma melliferum
Rift valley fever virus (RVFV),11588,Ovis aries (Sheep)
Enterobacteria phage Ox2 (Bacteriophage Ox2),,Escherichia coli
Lagos bat virus (LBV),,Homo sapiens (Human)
African cassava mosaic virus,10817,Manihot esculenta (Cassava) (Jatropha manihot)
Tobacco rattle virus,12295,Nicotiana tabacum (Common tobacco)
Barley yellow dwarf virus,12037,Lolium perenne (Perennial ryegrass)
Pseudalatia unipuncta granulosis virus (PuGV) (Pseudalatia unipuncta granulovirus),,Mythimna unipuncta (Armyworm moth) (Pseudaletia unipuncta)
Potato virus Y,12216,Solanum lycopersicum (Tomato) (Lycopersicon esculentum)
Eggplant mottled crinkle virus,270256,Pyrus communis (Pear) (Pyrus domestica)
Escherichia phage T5 (Enterobacteria phage T5),,Escherichia coli
Colorado tick fever virus (CTFV),46839,Homo sapiens (Human)
Tomato pseudo-curly top virus (TPCTV),,Solanum lycopersicum (Tomato) (Lycopersicon esculentum)
Raccoon poxvirus (RCN),,Procyon lotor (Raccoon)
Enterobacteria phage alpha3 (Bacteriophage alpha-3),,Escherichia coli
Southern cowpea mosaic virus (SCPMV) (Southern bean mosaic virus (strain cowpea)),,Vigna unguiculata (Cowpea)
Gloriosa stripe mosaic virus (GSMV),,Pisum sativum (Garden pea)
Bovine papillomavirus type 3,,Bos taurus (Bovine)
Barley yellow dwarf virus (isolate PAV) (BYDV),12040,Oryza sativa (Rice)
Beet western yellows virus,12042,Cucumis sativus (Cucumber)
Human coronavirus HKU1 (HCoV-HKU1),290028,Homo sapiens (Human)
Bovine herpesvirus 4 (BoHV-4) (Movar virus),10385,Panthera leo (Lion)
Enterobacteria phage K1E (Bacteriophage K1E),,Escherichia coli
Bean yellow mosaic virus,,Trifolium hybridum (Alsike clover)
Artogeia rapae granulovirus,362830,Pieris brassicae (White butterfly) (Large white butterfly)
Zucchini yellow mosaic virus,12232,Cucumis sativus (Cucumber)
Cercopithecine herpesvirus 9 (Simian varicella virus),35246,Chlorocebus aethiops (Green monkey) (Cercopithecus aethiops)
Bovine immunodeficiency virus,11657,Bos taurus (Bovine)
Bean leafroll virus (BLRV),,Medicago sativa (Alfalfa)
Spiroplasma virus 4 (SpV4),,Spiroplasma melliferum
Parainfluenza virus 5,11207,Macaca mulatta (Rhesus macaque)
Cycas necrotic stunt virus (CNSV),,Aucuba japonica (Japanese laurel) (Spotted laurel)
Sandfly fever sicilian virus (SFS),,Homo sapiens (Human)
Passion fruit woodiness virus,31732,Lens culinaris (Lentil) (Cicer lens)
Porcine astrovirus 1 (PAstV-1),,Sus scrofa (Pig)
Sindbis virus (SINV),11034,Homo sapiens (Human)
Torque teno tamarin virus,687382,Saguinus imperator (Emperor tamarin)
Foxtail mosaic virus,,Setaria italica (Foxtail millet) (Panicum italicum)
Broad bean wilt virus 1 (BBWV-1),50817,Capsicum annuum (Bell pepper)
Lettuce infectious yellows virus (LIYV),31713,Daucus carota (Wild carrot)
Influenza A virus,11320,Panthera tigris (Tiger)
Chandipura virus,11272,Homo sapiens (Human)
BK polyomavirus (BKPyV),10629,Homo sapiens (Human)
Nipah virus,,Eonycteris spelaea (Lesser dawn bat) (Macroglossus spelaeus)
Cowpea severe mosaic virus,12261,Psophocarpus tetragonolobus (Winged bean) (Dolichos tetragonolobus)
Peanut stunt virus,12313,Nicotiana tabacum (Common tobacco)
Tomato bushy stunt virus,12145,Capsicum annuum (Bell pepper)
Reston ebolavirus,186539,Homo sapiens (Human)
Simian foamy virus type 1 (SFVmac) (SFV-1),,Homo sapiens (Human)
Bovine leukemia virus (BLV),11901,Bos taurus (Bovine)
Cowpox virus (CPV),,Apodemus sylvaticus (European woodmouse)
Halobacterium phage phiH (Bacteriophage phi-H),,Halobacterium salinarum (Halobacterium halobium)
Striped jack nervous necrosis virus (SjNNV),,Oplegnathus fasciatus (Barred knifejaw) (Scaradon fasciatus)
Semliki forest virus (SFV),,Homo sapiens (Human)
Taro vein chlorosis virus (TAVCV),,Colocasia esculenta (Wild taro) (Arum esculentum)
Murine leukemia-related retroviruses,99182,Homo sapiens (Human)
Tomato aspermy virus (TAV),,Solanum lycopersicum (Tomato) (Lycopersicon esculentum)
Barley yellow dwarf virus (isolate PAV) (BYDV),,Avena sativa (Oat)
Lettuce infectious yellows virus (LIYV),31713,Cucumis melo (Muskmelon)
Louping ill virus (Li),11086,Equus caballus (Horse)
Moloney murine sarcoma virus (MoMSV),,Mus musculus (Mouse)
Giardia lamblia virus,29255,Giardia intestinalis (Giardia lamblia)
Western equine encephalitis virus (WEEV),,Homo sapiens (Human)
Carnation mottle virus (CarMV),11986,Saponaria officinalis (Common soapwort) (Lychnis saponaria)
Mungbean yellow mosaic virus,33726,Glycine max (Soybean) (Glycine hispida)
Southern bean mosaic virus,12139,Glycine max (Soybean) (Glycine hispida)
Pepper huasteco yellow vein virus (PHYVV) (Pepper huasteco virus),,Capsicum annuum (Bell pepper)
Sulfolobus islandicus rod-shaped virus 1 (SIRV-1) (Sulfolobus virus SIRV-1),,Sulfolobus islandicus
Squash mosaic virus,12263,Cucurbita pepo (Vegetable marrow) (Summer squash)
Citrus psorosis virus,73561,Citrus paradisi (Grapefruit)
Enterobacteria phage K3 (Bacteriophage K3),,Escherichia coli
Papaya mosaic potexvirus (PMV),,Carica papaya (Papaya)
Beet ringspot virus (BRSV) (Tomato black ring virus (strain S)),,Solanum lycopersicum (Tomato) (Lycopersicon esculentum)
Johnsongrass mosaic virus,31742,Sorghum bicolor (Sorghum) (Sorghum vulgare)
Squash leaf curl virus (SLCV),,Phaseolus vulgaris (Kidney bean) (French bean)
Caprine arthritis encephalitis virus (CAEV),11660,Capra hircus (Goat)
Tomato black ring virus,12275,Narcissus pseudonarcissus (Daffodil)
Wound tumor virus (WTV),,Trifolium incarnatum (Crimson clover)
Micromonas pusilla reovirus (MpRV),338781,Micromonas pusilla (Picoplanktonic green alga)
Tomato bushy stunt virus,12145,Solanum melongena (Eggplant) (Aubergine)
Alphapapillomavirus 7,337042,Homo sapiens (Human)
Barley yellow dwarf virus (isolate PAV) (BYDV),,Zea mays (Maize)
Rinderpest virus,11241,Bos indicus (Zebu)
Tobacco mild green mosaic virus (TMGMV) (TMV strain U2),,Nicotiana glauca (Glaucous tobacco) (Tree tobacco)
Deltapapillomavirus 4,337052,Bos taurus (Bovine)
Influenza C virus,11552,Homo sapiens (Human)
Gloriosa stripe mosaic virus (GSMV),,Phaseolus vulgaris (Kidney bean) (French bean)
Junin mammarenavirus (JUNV) (Junn mammarenavirus),,Homo sapiens (Human)
Rice stripe virus,12331,Hordeum vulgare (Barley)
Tobacco mosaic virus,12242,Antirrhinum majus (Garden snapdragon)
Eastern equine encephalitis virus (EEEV) (Eastern equine encephalomyelitis virus),,Homo sapiens (Human)
Sonchus yellow net virus (SYNV),,Lactuca sativa (Garden lettuce)
Peanut stunt virus,12313,Phaseolus angularis (Azuki bean) (Vigna angularis)
Avastrovirus 1,1239437,Meleagris gallopavo (Common turkey)
Bean yellow mosaic virus,,Vicia faba (Broad bean) (Faba vulgaris)
Clostridium botulinum C phage (Clostridium botulinum C bacteriophage),12336,Clostridium botulinum
Beet curly top virus,10840,Beta vulgaris (Sugar beet)
Grapevine fleck virus,103722,Vitis vinifera (Grape)
Equid herpesvirus 1 (Equine herpesvirus 1),10326,Equus caballus (Horse)
Louping ill virus (Li),,Equus caballus (Horse)
Enterovirus B,138949,Homo sapiens (Human)
Pepper ringspot virus,31750,Narcissus pseudonarcissus (Daffodil)
KI polyomavirus,423445,Homo sapiens (Human)
Lettuce infectious yellows virus (LIYV),31713,Cucurbita maxima (Pumpkin) (Winter squash)
Allpahuayo mammarenavirus (isolate Rat/Peru/CLHP-2472/1997) (ALLV),,Oecomys bicolor (Bicolored arboreal rice rat)
Human herpesvirus 1 (HHV-1) (Human herpes simplex virus 1),,Homo sapiens (Human)
West Nile virus (WNV),11082,Homo sapiens (Human)
Streptomyces phage phiC31 (Bacteriophage phi-C31),,Streptomyces coelicolor
Western equine encephalitis virus (WEEV),,Lithobates pipiens (Northern leopard frog) (Rana pipiens)
Torque teno midi virus 1,687379,Homo sapiens (Human)
Maize streak virus,10821,Pennisetum americanum (Pearl millet) (Pennisetum glaucum)
Yellow fever virus,11089,Homo sapiens (Human)
Mouse intracisternal a-particle MIAE (IAP-MIAE),11932,Mus musculus (Mouse)
Alphapapillomavirus 6,337050,Homo sapiens (Human)
Beet mosaic virus (BtMV),,Melilotus indicus (Sourclover) (Yellow sweet clover)
Cowpox virus (CPV),,Bos taurus (Bovine)
Eastern equine encephalitis virus (EEEV) (Eastern equine encephalomyelitis virus),11021,Homo sapiens (Human)
Clover yellow mosaic virus (CYMV),,Vicia sativa (Spring vetch) (Tare)
Murine leukemia virus,11786,Rattus norvegicus (Rat)
Enterobacteria phage N4 (Bacteriophage N4),,Escherichia coli
California encephalitis virus,35305,Lepus americanus (Snowshoe hare)
Bovine adenovirus D,130499,Bos taurus (Bovine)
Tomato yellow leaf curl China virus (TYLCCNV),,Solanum lycopersicum (Tomato) (Lycopersicon esculentum)
Tomato black ring virus,12275,Robinia pseudoacacia (Black locust)
Chikungunya virus (CHIKV),37124,Homo sapiens (Human)
Bean common mosaic necrosis virus,43240,Phaseolus vulgaris (Kidney bean) (French bean)
Sabia mammarenavirus (isolate Human/Brasil/SPH114202/1990) (SABV) (Sabi mammarenavirus),,Homo sapiens (Human)
Pea enation mosaic virus-1 (PEMV-1),193121,Cicer arietinum (Chickpea) (Garbanzo)
Lettuce mosaic virus,12202,Cichorium intybus (Chicory)
Sindbis virus (SINV),,Homo sapiens (Human)
Lactate dehydrogenase-elevating virus (LDV),11048,Mus musculus (Mouse)
Tobacco etch virus (TEV),,Nicotiana tabacum (Common tobacco)
Viral hemorrhagic septicemia virus,11287,Oncorhynchus tshawytscha (Chinook salmon) (Salmo tshawytscha)
Prospect Hill virus (PHV),,Microtus pennsylvanicus (Meadow vole)
Broad bean mottle virus,,Vicia faba (Broad bean) (Faba vulgaris)
Rice ragged stunt virus (RRSV),42475,Oryza nivara (Indian wild rice)
Rift valley fever virus (RVFV),11588,Capra hircus (Goat)
Human respiratory syncytial virus,11250,Homo sapiens (Human)
Bovine herpesvirus 4 (BoHV-4) (Movar virus),,Panthera leo (Lion)
Barley yellow dwarf virus (isolate MAV) (BYDV),12038,Avena sativa (Oat)
Maize stripe virus (MStV),,Zea mays (Maize)
Tobacco necrosis virus (strain D) (TNV-D),,Nicotiana clevelandii (Wild tobacco)
Pepper ringspot virus,31750,Stellaria media (Common chickweed) (Alsine media)
Yaba monkey tumor virus (YMTV),38804,Erythrocebus patas (Red guenon) (Cercopithecus patas)
West Nile virus (WNV),,Amblyomma variegatum (Tropical bont tick)
Mink astrovirus 1 (MAstV-1),,Neovison vison (American mink) (Mustela vison)
Vesicular stomatitis New Jersey virus,11280,Sus scrofa (Pig)
Enterobacteria phage PRD1 (Bacteriophage PRD1),,Pseudomonas fluorescens
Frog virus 3 (FV-3),10493,Rana sylvatica (Wood frog)
Epstein-Barr virus (strain GD1) (HHV-4) (Human herpesvirus 4),,Homo sapiens (Human)
Maize white line mosaic Satellite virus (MWLMV) (Satellite maize white line mosaic virus),,Zea mays (Maize)
Trichoplusia ni granulosis virus (TnGV) (Trichoplusia ni granulovirus),,Trichoplusia ni (Cabbage looper)
Human herpesvirus 6A,32603,Homo sapiens (Human)
Potato virus X (PVX),,Solanum tuberosum (Potato)
Tobacco yellow dwarf virus,10830,Datura stramonium (Jimsonweed) (Common thornapple)
Beet necrotic yellow vein virus,31721,Beta vulgaris (Sugar beet)
Enterobacteria phage phi21 (Bacteriophage phi-21),,Bacillus subtilis
Mycobacterium phage Bxz1 (Mycobacteriophage Bxz1),,Mycobacterium smegmatis
Abutilon mosaic virus,10815,Gossypium hirsutum (Upland cotton) (Gossypium mexicanum)
Equid herpesvirus 4 (Equine herpesvirus 4),10331,Equus caballus (Horse)
Papaya ringspot virus,12205,Carica papaya (Papaya)
Cucumber green mottle mosaic virus,12235,Cucumis sativus (Cucumber)
Autographa californica multiple nucleopolyhedrovirus,307456,Ostrinia nubilalis (European corn borer) (Pyralis nubilalis)
Arabis mosaic virus (ArMV),,Cornus florida (Flowering dogwood)
Southern cowpea mosaic virus (SCPMV) (Southern bean mosaic virus (strain cowpea)),,Phaseolus vulgaris (Kidney bean) (French bean)
Streptococcus pyogenes phage H10403,,Streptococcus pyogenes
Frog virus 3 (FV-3),10493,Hoplobatrachus tigerinus (Indian bull frog) (Rana tigerina)
Pepper mottle virus (PeMV),,Datura inoxia (Downy thornapple) (Datura meteloides)
Lactococcus phage LL-H (Lactococcus delbrueckii bacteriophage LL-H),,Lactobacillus delbrueckii
Betacoronavirus 1,694003,Sus scrofa (Pig)
Equine infectious anemia virus,11665,Equus asinus (Donkey) (Equus africanus asinus)
Peanut mottle virus,33763,Phaseolus vulgaris (Kidney bean) (French bean)
Enterobacteria phage LZ1 (Bacteriophage LZ1),,Escherichia coli
Tobacco necrosis virus (strain D) (TNV-D),,Phaseolus vulgaris (Kidney bean) (French bean)
Venezuelan equine encephalitis virus,11036,Equus caballus (Horse)
Mycoreovirus 1 (MYRV-1),311228,Cryphonectria parasitica (Chesnut blight fungus) (Endothia parasitica)
Bovine adenovirus F,346178,Bos taurus (Bovine)
Barley yellow dwarf virus (isolate MAV) (BYDV),,Zea mays (Maize)
Sunn-hemp mosaic virus (SHMV) (TMV strain cowpea),,Lablab purpureus (Hyacinth bean) (Dolichos lablab)
Feline leukemia virus,11768,Felis catus (Cat) (Felis silvestris catus)
Sheeppox virus (SPPV),10266,Ovis aries (Sheep)
Human mastadenovirus A,129875,Homo sapiens (Human)
Alcelaphine herpesvirus 1 (wildebeest herpesvirus),35252,Connochaetes taurinus (Blue wildebeest)
Enterobacteria phage RB51 (Bacteriophage RB51),,Escherichia coli
Milk vetch dwarf virus,67585,Astragalus sinicus (Chinese milk vetch)
California encephalitis virus,35305,Ochlerotatus triseriatus (Eastern treehole mosquito) (Aedes triseriatus)
Maize rayado fino virus,59749,Zea mays (Maize)
Reston ebolavirus,186539,Sus scrofa (Pig)
Bean leafroll virus (BLRV),,Lens culinaris (Lentil) (Cicer lens)
Tobacco necrosis virus (strain A) (TNV-A),,Cucumis sativus (Cucumber)
Maize chlorotic mottle virus (MCMV),12138,Zea mays (Maize)
Enterobacteria phage HK022 (Bacteriophage HK022),,Escherichia coli
Fiji disease virus (FDV),77698,Saccharum officinarum (Sugarcane)
Nupapillomavirus 1,334205,Homo sapiens (Human)
Ungulate protoparvovirus 1,1511910,Sus scrofa (Pig)
Maize streak virus,10821,Saccharum officinarum (Sugarcane)
Beet western yellows virus,12042,Raphanus sativus (Radish)
Monkeypox virus,,Cynomys mexicanus (Mexican prairie dog)
Carnation mottle virus (CarMV),,Dianthus caryophyllus (Carnation) (Clove pink)
Venezuelan equine encephalitis virus,11036,Equus asinus (Donkey) (Equus africanus asinus)
Enterobacteria phage IKe (Bacteriophage IKe),,Escherichia coli
Enterobacteria phage BZ13 (Bacteriophage BZ13),329853,Escherichia coli
Vesicular stomatitis Indiana virus,11277,Homo sapiens (Human)
Torque teno sus virus 1a,687386,Sus scrofa (Pig)
Enterobacteria phage If1 (Bacteriophage If1),,Escherichia coli
Kirsten murine sarcoma virus,,Mus musculus (Mouse)
Vesicular stomatitis Indiana virus,11277,Musca domestica (House fly)
Bacillus phage phi105 (Bacteriophage phi-105),,Bacillus subtilis
Triticum mosaic virus,431317,Hordeum vulgare (Barley)
Alphapapillomavirus 1,337048,Homo sapiens (Human)
Beet western yellows virus,12042,Beta vulgaris (Sugar beet)
Drosophila C virus,64279,Drosophila melanogaster (Fruit fly)
Avastrovirus 2,1239438,Gallus gallus (Chicken)
Tobacco ringspot virus (TobRV) (TRSV),12282,Robinia pseudoacacia (Black locust)
High Plains virus,48726,Hordeum vulgare (Barley)
Sendai virus,11191,Mus musculus (Mouse)
Shuni virus,159148,Bos taurus (Bovine)
Macacine herpesvirus 3 (Rhesus cytomegalovirus),47929,Macaca mulatta (Rhesus macaque)
Ribgrass mosaic virus (RMV),,Digitalis lanata (Grecian foxglove)
Enterobacteria phage RB32 (Bacteriophage RB32),,Escherichia coli
Wheat dwarf virus,10834,Triticum aestivum (Wheat)
Cherry rasp leaf virus (CRLV),202566,Taraxacum officinale (Common dandelion) (Leontodon taraxacum)
Bacillus phage phi29 (Bacteriophage phi-29),10756,Bacillus subtilis
Barley stripe mosaic virus (BSMV),,Hordeum vulgare (Barley)
Bovine mastadenovirus C,129952,Bos taurus (Bovine)
Uukuniemi virus (Uuk),11591,Homo sapiens (Human)
Nipah virus,,Pteropus vampyrus (Large flying fox)
Equine torovirus,329862,Equus caballus (Horse)
Passion fruit woodiness virus,31732,Phaseolus vulgaris (Kidney bean) (French bean)
Subterranean clover stunt virus (SCSV),36772,Trifolium subterraneum (Subterranean clover)
Botrytis virus X,174142,Botryotinia fuckeliana (Noble rot fungus) (Botrytis cinerea)
Rice stripe virus,12331,Triticum aestivum (Wheat)
Alphapapillomavirus 11,337049,Homo sapiens (Human)
Cowpox virus (CPV),10243,Bos taurus (Bovine)
Frog virus 3 (FV-3),10493,Notophthalmus viridescens (Eastern newt) (Triturus viridescens)
Gloriosa stripe mosaic virus (GSMV),,Trifolium repens (Creeping white clover)
Hirame rhabdovirus,38142,Plecoglossus altivelis (Ayu)
Milk vetch dwarf virus,67585,Pisum sativum (Garden pea)
Wheat dwarf virus,10834,Secale cereale (Rye)
Barley yellow dwarf virus (isolate PAV) (BYDV),12040,Secale cereale (Rye)
Raspberry bushy dwarf virus (RBDV),,Rubus idaeus (Raspberry)
Tobacco streak virus,12317,Asparagus officinalis (Garden asparagus)
St. Louis encephalitis virus,11080,Culex pipiens (House mosquito)
Meleagrid herpesvirus 1 (MeHV-1) (Turkey herpesvirus),,Meleagris gallopavo (Common turkey)
Enterobacteria phage Qbeta (Bacteriophage Q-beta),,Escherichia coli
Chicken anemia virus,12618,Gallus gallus (Chicken)
Alfalfa mosaic virus,12321,Cicer arietinum (Chickpea) (Garbanzo)
Shigella phage SfV (Shigella flexneri bacteriophage V) (Bacteriophage SfV),,Shigella flexneri
Grapevine fanleaf virus (GFLV),,Vitis vinifera (Grape)
Borna disease virus (BDV),12455,Bos taurus (Bovine)
Cucumber mosaic virus (cucumber mosaic cucumovirus),12305,Cucurbita pepo (Vegetable marrow) (Summer squash)
Alfalfa mosaic virus,12321,Nicotiana tabacum (Common tobacco)
Adelaide River virus (ARV),,Bubalus bubalis (Domestic water buffalo)
Tomato yellow leaf curl Sardinia virus (TYLCSV),123735,Solanum lycopersicum (Tomato) (Lycopersicon esculentum)
Barley yellow dwarf virus (isolate PAV) (BYDV),12040,Lolium perenne (Perennial ryegrass)
Alfalfa mosaic virus,12321,Vigna unguiculata (Cowpea)
Beet curly top virus,10840,Spinacia oleracea (Spinach)
Chlamydia phage 1 (Bacteriophage Chp1),,Chlamydophila psittaci (Chlamydia psittaci)
Bacillus phage phi3T (Bacteriophage phi-3T),,Bacillus subtilis
Bovine herpesvirus 5,35244,Bos taurus (Bovine)
Measles virus,11234,Homo sapiens (Human)
Influenza C virus,11552,Sus scrofa (Pig)
Cowpox virus (CPV),10243,Homo sapiens (Human)
Human parechovirus,195054,Homo sapiens (Human)
Mungbean yellow mosaic virus,33726,Vigna unguiculata (Cowpea)
Elephantid herpesvirus 1 (EIHV-1) (Elephant endotheliotropic herpesvirus),146015,Elephas maximus (Indian elephant)
Drosophila x virus (DXV),48981,Drosophila melanogaster (Fruit fly)
Maize streak virus,10821,Triticum aestivum (Wheat)
Enterovirus D,138951,Homo sapiens (Human)
Tamiami mammarenavirus (isolate Rat/United States/W 10777/1964) (TAMV),,Sigmodon hispidus (Hispid cotton rat)
Lactococcus phage 936 sensu lato,354259,Lactococcus lactis
Clover yellow vein virus,,Trifolium incarnatum (Crimson clover)
Tick-borne encephalitis virus,11084,Ixodes ricinus (Common tick)
Enterobacteria phage PRD1 (Bacteriophage PRD1),,Escherichia coli
Bean leafroll virus (BLRV),,Trifolium repens (Creeping white clover)
Foot-and-mouth disease virus,12110,Ovis aries (Sheep)
Clover yellow vein virus,,Coriandrum sativum (Coriander) (Chinese parsley)
Choristoneura fumiferana entomopoxvirus (CfEPV),,Choristoneura fumiferana (Spruce budworm moth) (Archips fumiferana)
Thogoto virus,11569,Mungos mungo (Banded mongoose)
Barley yellow dwarf virus (isolate PAV) (BYDV),,Hordeum vulgare (Barley)
Soybean chlorotic mottle virus,,Lablab purpureus (Hyacinth bean) (Dolichos lablab)
Vesicular stomatitis New Jersey virus,11280,Bos taurus (Bovine)
Banna virus,77763,Bos taurus (Bovine)
Hepatitis E virus (HEV),12461,Pan troglodytes (Chimpanzee)
Rice dwarf virus (RDV),10991,Oryza sativa (Rice)
Bovine ephemeral fever virus (BEFV),11303,Syncerus caffer (African buffalo)
Bovine herpesvirus 4 (BoHV-4) (Movar virus),10385,Bos taurus (Bovine)
Melon necrotic spot virus (MNSV),,Cucumis melo (Muskmelon)
Pseudomonas phage phiKZ,,Pseudomonas aeruginosa
Botrytis virus F,129395,Botryotinia fuckeliana (Noble rot fungus) (Botrytis cinerea)
Borna disease virus (BDV),,Oryctolagus cuniculus (Rabbit)
Carnation mottle virus (CarMV),11986,Dianthus caryophyllus (Carnation) (Clove pink)
Vesicular exanthema of swine virus (VESV),35612,Sus scrofa (Pig)
Enterobacteria phage N15 (Bacteriophage N15),,Escherichia coli
Langat virus,11085,Homo sapiens (Human)
Pieris rapae virus,,Pieris rapae (Small white butterfly) (Artogeia rapae)
Alfalfa mosaic virus,12321,Glycine max (Soybean) (Glycine hispida)
Tobacco rattle virus,12295,Solanum tuberosum (Potato)
Sunn-hemp mosaic virus (SHMV) (TMV strain cowpea),,Crotalaria juncea (Sunn hemp)
Simian hemorrhagic fever virus (SHFV),,Erythrocebus patas (Red guenon) (Cercopithecus patas)
Rotavirus C,36427,Sus scrofa (Pig)
Beet western yellows virus,12042,Lactuca sativa (Garden lettuce)
Encephalomyocarditis virus,,Sigmodon hispidus (Hispid cotton rat)
Bean yellow mosaic virus,,Trifolium repens (Creeping white clover)
Bacillus phage B103 (Bacteriophage B103),,Bacillus subtilis
Spodoptera frugiperda ascovirus 1a (SfAV-1a),,Spodoptera frugiperda (Fall armyworm)
Tomato mottle virus,10835,Nicotiana tabacum (Common tobacco)
Choristoneura fumiferana granulovirus (CfGV),,Choristoneura fumiferana (Spruce budworm moth) (Archips fumiferana)
Equid herpesvirus 2 (Equine herpesvirus 2),12657,Equus caballus (Horse)
Beet ringspot virus (BRSV) (Tomato black ring virus (strain S)),,Solanum tuberosum (Potato)
Human papillomavirus type 54,,Homo sapiens (Human)
Alphapapillomavirus 3,333767,Homo sapiens (Human)
Newcastle disease virus,11176,Gallus gallus (Chicken)
Primate T-lymphotropic virus 1,194440,Homo sapiens (Human)
Cowpea severe mosaic virus,12261,Crotalaria juncea (Sunn hemp)
Tobacco necrosis virus (strain A) (TNV-A),,Nicotiana tabacum (Common tobacco)
Tobacco necrosis virus (strain D) (TNV-D),,Tulipa gesneriana (Garden tulip)
Pseudomonas phage PAJU2,,Pseudomonas aeruginosa
Hendra virus,63330,Equus caballus (Horse)
Cucumber mosaic virus (cucumber mosaic cucumovirus),12305,Solanum lycopersicum (Tomato) (Lycopersicon esculentum)
Encephalomyocarditis virus,12104,Sigmodon hispidus (Hispid cotton rat)
Pneumococcus phage Dp-1 (Bacteriophage Dp-1),,Streptococcus pneumoniae
Rice black streaked dwarf virus (RBSDV),,Oryza sativa (Rice)
Raspberry ringspot virus,12809,Narcissus pseudonarcissus (Daffodil)
Canine distemper virus,11232,Procyon lotor (Raccoon)
Enterobacteria phage H19B (Bacteriophage H19B),,Escherichia coli
Tobacco streak virus,12317,Nicotiana tabacum (Common tobacco)
Bacillus phage GA-1 (Bacteriophage GA-1),,Bacillus subtilis
Human respiratory syncytial virus,,Homo sapiens (Human)
Monkeypox virus,,Mus musculus (Mouse)
Enterobacteria phage T4 sensu lato,348604,Yersinia pseudotuberculosis
Encephalomyocarditis virus,,Mus musculus (Mouse)
Monkeypox virus,,Homo sapiens (Human)
Louping ill virus (Li),,Bos taurus (Bovine)
Plum pox virus,12211,Prunus armeniaca (Apricot) (Armeniaca vulgaris)
Invertebrate iridescent virus 6 (IIV-6) (Chilo iridescent virus),,Acheta domesticus (House cricket)
Australian bat lyssavirus,90961,Homo sapiens (Human)
Bacillus phage PBS2 (Bacteriophage PBS2),,Bacillus subtilis
Soil-borne wheat mosaic virus (SBWMV),28375,Hordeum vulgare (Barley)
Tomato spotted wilt virus (strain Brazilian Br-03) (TSWV) (Tomato chlorotic spot virus),,Solanum lycopersicum (Tomato) (Lycopersicon esculentum)
Pepper ringspot virus,31750,Beta vulgaris (Sugar beet)
Primate T-lymphotropic virus 2,194441,Homo sapiens (Human)
Beet curly top virus,10840,Solanum lycopersicum (Tomato) (Lycopersicon esculentum)
Broad bean wilt virus 1 (BBWV-1),50817,Vicia faba (Broad bean) (Faba vulgaris)
Bean yellow mosaic virus,,Arachis hypogaea (Peanut)
Potato virus Y,12216,Solanum tuberosum (Potato)
Southern cowpea mosaic virus (SCPMV) (Southern bean mosaic virus (strain cowpea)),,Vigna mungo (Black gram) (Phaseolus mungo)
Hepatitis E virus (HEV),12461,Gallus gallus (Chicken)
Bear Canyon mammarenavirus (isolate Mouse/United States/AV A0070039/2000) (BCNV),,Peromyscus californicus (California mouse)
Rift valley fever virus (RVFV),11588,Phlebotomus papatasi (Sandfly)
Mungbean yellow mosaic virus,33726,Vigna mungo (Black gram) (Phaseolus mungo)
Cocal virus (COCV),,Equus caballus (Horse)
Raspberry ringspot virus,12809,Fragaria vesca (Woodland strawberry) (Potentilla vesca)
Enterobacteria phage LZ4 (Bacteriophage LZ4),,Escherichia coli
Cercopithecine herpesvirus 1 (CeHV-1) (Simian herpes B virus),,Macaca mulatta (Rhesus macaque)
Beet western yellows virus,12042,Cucurbita pepo (Vegetable marrow) (Summer squash)
European mountain ash ringspot-associated virus (isolate Sorbus aucuparia) (EMARAV),,Sorbus aucuparia (European mountain ash) (Rowan)
Bacillus phage SPbeta (Bacillus phage SPBc2) (Bacteriophage SP-beta),,Bacillus pumilus (Bacillus mesentericus)
Duvenhage virus (DUVV),,Homo sapiens (Human)
Sugarcane streak virus,10836,Saccharum officinarum (Sugarcane)
Tobacco mosaic virus,12242,Digitalis lanata (Grecian foxglove)
Murine pneumotropic virus,229278,Mus musculus (Mouse)
Encephalomyocarditis virus,12104,Homo sapiens (Human)
Potato leafroll virus (PLrV),12045,Solanum tuberosum (Potato)
Hendra virus,63330,Pteropus scapulatus (Little red flying fox)
Cowpox virus (CPV),,Loxodonta africana (African elephant)
Gammapapillomavirus 1,333926,Homo sapiens (Human)
Human parainfluenza virus 1,12730,Homo sapiens (Human)
Human herpesvirus 3 (HHV-3) (Varicella-zoster virus),10335,Homo sapiens (Human)
Passion fruit woodiness virus,31732,Glycine max (Soybean) (Glycine hispida)
Faba bean necrotic yellows virus,59817,Phaseolus vulgaris (Kidney bean) (French bean)
Murine polyomavirus,10634,Mus musculus (Mouse)
St. Louis encephalitis virus,11080,Columba livia (Rock dove)
Barley yellow dwarf virus (isolate PAV) (BYDV),12040,Zea mays (Maize)
Raspberry bushy dwarf virus (RBDV),12451,Rubus ursinus (California blackberry)
Rotavirus A,28875,Bos taurus (Bovine)
Beet western yellows virus,12042,Helianthus annuus (Common sunflower)
Turnip mosaic virus (strain Japanese) (TuMV),,Alliaria petiolata (Garlic mustard) (Arabis petiolata)
Nora virus,,Drosophila melanogaster (Fruit fly)
Serratia phage KSP90 (Serratia marcescens bacteriophage KSP90),,Serratia marcescens
Maize rough dwarf virus (MRDV),,Triticum aestivum (Wheat)
Macrobrachium rosenbergii nodavirus (MrNV),,Macrobrachium rosenbergii (Giant fresh water prawn)
Tobacco rattle virus,12295,Spinacia oleracea (Spinach)
Saimiriine herpesvirus 2 (SaHV-2) (Herpesvirus saimiri),10381,Saimiri sciureus (Common squirrel monkey)
Peanut clump virus,28355,Arachis hypogaea (Peanut)
Milk vetch dwarf virus,67585,Vicia faba (Broad bean) (Faba vulgaris)
Pepper mottle virus (PeMV),,Capsicum annuum (Bell pepper)
Red clover necrotic mosaic virus (RCNMV),,Trifolium repens (Creeping white clover)
Bluetongue virus,40051,Bos taurus (Bovine)
Rodent protoparvovirus 1,1511908,Mus musculus (Mouse)
Louping ill virus (Li),11086,Ixodes ricinus (Common tick)
Mumps virus,11161,Homo sapiens (Human)
Vesicular stomatitis Indiana virus,11277,Sus scrofa (Pig)
Bacillus phage SPR (Bacteriophage SPR),,Bacillus subtilis
Streptococcus pyogenes phage H4489A,,Streptococcus pyogenes
Streptococcus pneumoniae phage HB-3,,Streptococcus pneumoniae
Tomato mosaic virus,12253,Solanum lycopersicum (Tomato) (Lycopersicon esculentum)
Tupaiid herpesvirus (strain 2) (TuHV-2) (Herpesvirus tupaia (strain 2)),,Tupaia belangeri (Common tree shrew) (Tupaia glis belangeri)
Alfalfa mosaic virus,12321,Solanum tuberosum (Potato)
Watermelon mosaic virus,146500,Cucumis melo (Muskmelon)
Thogoto virus,11569,Rhipicephalus microplus (Cattle tick) (Boophilus microplus)
Machupo virus (MACV),,Calomys callosus (Large vesper mouse)
Beet ringspot virus (BRSV) (Tomato black ring virus (strain S)),,Beta vulgaris (Sugar beet)
Rous sarcoma virus,11886,Gallus gallus (Chicken)
Rabbit hemorrhagic disease virus (RHDV),11976,Oryctolagus cuniculus (Rabbit)
Acidianus filamentous virus 1 (AFV-1),235266,Acidianus infernus
O'nyong-nyong virus,11027,Homo sapiens (Human)
Infectious laryngotracheitis virus (ILTV) (Gallid herpesvirus 1),10386,Gallus gallus (Chicken)
St. Louis encephalitis virus,11080,Culex tarsalis (Encephalitis mosquito)
Lettuce big-vein associated virus,311413,Lactuca sativa (Garden lettuce)
Gammapapillomavirus 3,333929,Homo sapiens (Human)
Tomato black ring virus,12275,Phaseolus vulgaris (Kidney bean) (French bean)
Bean leafroll virus (BLRV),,Pisum sativum (Garden pea)
Barley yellow dwarf virus (isolate MAV) (BYDV),,Oryza sativa (Rice)
Peanut clump virus,28355,Setaria italica (Foxtail millet) (Panicum italicum)
Nodamura virus (NoV),12288,Sus scrofa (Pig)
Bean yellow mosaic virus,,Trifolium incarnatum (Crimson clover)
Lettuce mosaic virus,12202,Cicer arietinum (Chickpea) (Garbanzo)
Cercopithecine herpesvirus 1 (CeHV-1) (Simian herpes B virus),,Homo sapiens (Human)
Torque teno felis virus,687384,Felis catus (Cat) (Felis silvestris catus)
Maize dwarf mosaic virus (MDMV),,Zea mays (Maize)
Escherichia phage D108 (Bacteriophage D108),,Escherichia coli
Gallid herpesvirus 2,10390,Gallus gallus (Chicken)
Tomato ringspot virus,12280,Nicotiana tabacum (Common tobacco)
Ovine adenovirus D (OAdV-D),130327,Ovis aries (Sheep)
Subterranean clover stunt virus (SCSV),36772,Phaseolus vulgaris (Kidney bean) (French bean)
Sapporo virus,95342,Sus scrofa (Pig)
Corynephage beta,,Corynebacterium diphtheriae
Dugbe virus,11595,Amblyomma variegatum (Tropical bont tick)
Squash mosaic virus,12263,Ecballium elaterium (Jumping cucumber) (Momordica elaterium)
Barley yellow dwarf virus (isolate MAV) (BYDV),,Triticum aestivum (Wheat)
Dugbe virus,,Amblyomma variegatum (Tropical bont tick)
Louping ill virus (Li),,Ixodes ricinus (Common tick)
Brome streak mosaic virus,42631,Hordeum murinum (Mouse barley) (Critesion murinum)
Murine osteosarcoma virus,11830,Mus musculus (Mouse)
Rabbit fibroma virus,10271,Oryctolagus cuniculus (Rabbit)
Arabis mosaic virus (ArMV),12271,Vitis vinifera (Grape)
African swine fever virus (ASFV),10497,Phacochoerus aethiopicus (Warthog)
Dengue virus,12637,Aedes albopictus (Asian tiger mosquito) (Stegomyia albopicta)
Rotavirus C,36427,Bos taurus (Bovine)
Bean yellow mosaic virus,,Phaseolus vulgaris (Kidney bean) (French bean)
Barley yellow dwarf virus (isolate MAV) (BYDV),,Hordeum vulgare (Barley)
Borna disease virus (BDV),,Hexaprotodon liberiensis (Pygmy hippopotamus) (Choeropsis liberiensis)
Sulfolobus virus-like particle SSV2,,Sulfolobus islandicus
Murine mastadenovirus A,129956,Mus musculus (Mouse)
Aquareovirus G,519014,Mylopharyngodon piceus (Black carp)
Barley yellow dwarf virus (isolate PAV) (BYDV),12040,Avena sativa (Oat)
Tobacco ringspot virus (TobRV) (TRSV),12282,Apium graveolens (Celery)
Orf virus (ORFV),10258,Ovis aries (Sheep)
Streptococcus phage Cp-1 (Bacteriophage Cp-1),,Streptococcus pneumoniae
Antheraea pernyi nuclear polyhedrosis virus (ApNPV),,Antheraea pernyi (Chinese oak silk moth)
Clover yellow vein virus,,Pisum sativum (Garden pea)
Murid herpesvirus 1 (MuHV-1) (Mouse cytomegalovirus),10366,Mus musculus (Mouse)
Australian bat lyssavirus,90961,Pteropus scapulatus (Little red flying fox)
Bean yellow mosaic virus,,Vicia sativa (Spring vetch) (Tare)
Bacillus phage SPP1 (Bacteriophage SPP1),,Bacillus subtilis
Ectromelia virus,12643,Mus musculus (Mouse)
Bordetella phage BPP-1,,Bordetella bronchiseptica (Alcaligenes bronchisepticus)
Cherry rasp leaf virus (CRLV),202566,Prunus persica (Peach) (Amygdalus persica)
Canine distemper virus,11232,Zalophus californianus (California sealion)
Alphapapillomavirus 5,337044,Homo sapiens (Human)
Southern bean mosaic virus,12139,Phaseolus vulgaris (Kidney bean) (French bean)
Triticum mosaic virus,431317,Secale cereale (Rye)
Chloris striate mosaic virus (CSMV),,Avena sativa (Oat)
Barley yellow dwarf virus (isolate MAV) (BYDV),12038,Hordeum vulgare (Barley)
Sandfly fever Naples virus,206160,Homo sapiens (Human)
Mouse intracisternal a-particle MIAE (IAP-MIAE),,Mus musculus (Mouse)
White clover cryptic virus 1 (WCCV-1),292052,Trifolium repens (Creeping white clover)
Rotavirus A,28875,Macaca mulatta (Rhesus macaque)
Human mastadenovirus C,129951,Homo sapiens (Human)
Cabbage leaf curl virus (isolate Jamaica) (CaLCuV),,Brassica oleracea (Wild cabbage)
Beet western yellows virus,12042,Pisum sativum (Garden pea)
Influenza A virus,11320,Gallus gallus (Chicken)
Borna disease virus (BDV),,Capra hircus (Goat)
Rift valley fever virus (RVFV),,Ovis aries (Sheep)
Sulfolobus spindle-shape virus 1 (SSV1),,Sulfolobus solfataricus
Paprika mild mottle virus (PaMMV),,Capsicum annuum (Bell pepper)
Barley yellow dwarf virus (isolate PAV) (BYDV),,Lolium perenne (Perennial ryegrass)
Crimean-Congo hemorrhagic fever virus,11593,Capra hircus (Goat)
Vesicular stomatitis New Jersey virus,11280,Equus asinus (Donkey) (Equus africanus asinus)
Rice black streaked dwarf virus (RBSDV),,Avena sativa (Oat)
Human herpesvirus 6B (strain HST) (HHV-6 variant B) (Human B lymphotropic virus),32604,Homo sapiens (Human)
Acyrthosiphon pisum secondary endosymbiont phage 1 (Bacteriophage APSE-1),,Escherichia coli
Tomato yellow leaf curl China virus (TYLCCNV),,Nicotiana tabacum (Common tobacco)
Venezuelan equine encephalitis virus,11036,Bos taurus (Bovine)
Faba bean necrotic yellows virus,59817,Lens culinaris (Lentil) (Cicer lens)
Melon necrotic spot virus (MNSV),,Cucumis sativus (Cucumber)
Lactococcus phage phivML3 (Lactococcus bacteriophage phi-vML3),,Lactococcus lactis
Barley yellow dwarf virus,12037,Avena sativa (Oat)
Ustilago maydis P4 virus (UmV4) (UmV-P4),,Ustilago maydis (Corn smut fungus)
Simian virus 12,46771,Papio hamadryas ursinus (Chacma baboon)
Mayaro virus,59301,Homo sapiens (Human)
High Plains virus,48726,Zea mays (Maize)
Alfalfa mosaic virus,12321,Solanum lycopersicum (Tomato) (Lycopersicon esculentum)
Gloriosa stripe mosaic virus (GSMV),,Trifolium hybridum (Alsike clover)
Cryphonectria hypovirus 1,40281,Cryphonectria parasitica (Chesnut blight fungus) (Endothia parasitica)
Turnip mosaic virus (strain Japanese) (TuMV),,Trifolium hybridum (Alsike clover)
Carnivore protoparvovirus 1,1511906,Felis catus (Cat) (Felis silvestris catus)
Lettuce infectious yellows virus (LIYV),31713,Beta vulgaris (Sugar beet)
Rice black streaked dwarf virus (RBSDV),,Triticum aestivum (Wheat)
Tobacco ringspot virus (TobRV) (TRSV),,Glycine max (Soybean) (Glycine hispida)
European elk papillomavirus (EEPV),10565,Rangifer tarandus (Reindeer) (Cervus tarandus)
Equine infectious anemia virus,11665,Equus caballus (Horse)
Maize rough dwarf virus (MRDV),,Zea mays (Maize)
Enterobacteria phage M1 (Bacteriophage M1),,Selenomonas ruminantium
Tomato black ring virus,12275,Lactuca sativa (Garden lettuce)
Hepatitis A virus,12092,Pan troglodytes (Chimpanzee)
Alfalfa mosaic virus,12321,Medicago sativa (Alfalfa)
Tomato torrado virus,370833,Solanum lycopersicum (Tomato) (Lycopersicon esculentum)
Porcine circovirus 1 (PCV1),133704,Sus scrofa (Pig)
Barley yellow dwarf virus (isolate MAV) (BYDV),,Lolium perenne (Perennial ryegrass)
Hantaan virus,11599,Homo sapiens (Human)
Junin mammarenavirus (JUNV) (Junn mammarenavirus),,Calomys musculinus (Drylands vesper mouse)
Maize rough dwarf virus (MRDV),,Hordeum vulgare (Barley)
Cucumber mosaic virus (cucumber mosaic cucumovirus),12305,Cucumis melo (Muskmelon)
Clover yellow vein virus,,Trifolium repens (Creeping white clover)
Moloney murine sarcoma virus (MoMSV),11809,Mus musculus (Mouse)
Rift valley fever virus (RVFV),11588,Camelus bactrianus (Bactrian camel)
Wound tumor virus (WTV),,Catharanthus roseus (Madagascar periwinkle) (Vinca rosea)
Borna disease virus (BDV),12455,Vicugna pacos (Alpaca) (Lama pacos)
Primate T-lymphotropic virus 3,194443,Homo sapiens (Human)
Encephalomyocarditis virus,12104,Sus scrofa (Pig)
Avian encephalomyelitis virus,70796,Gallus gallus (Chicken)
Rice stripe virus,12331,Zea mays (Maize)
Squash leaf curl virus (SLCV),,Cucurbita pepo (Vegetable marrow) (Summer squash)
Salmon pancreas disease virus (SPDV),,Salmo salar (Atlantic salmon)
Pepper mild mottle virus,12239,Capsicum annuum (Bell pepper)
Tomato yellow leaf curl virus,10832,Malva parviflora (Little mallow) (Cheeseweed mallow)
Clover yellow vein virus,,Daucus carota (Wild carrot)
Alphapapillomavirus 2,337039,Homo sapiens (Human)
Carnivore protoparvovirus 1,1511906,Neovison vison (American mink) (Mustela vison)
Mayaro virus,59301,Aedes aegypti (Yellowfever mosquito) (Culex aegypti)
Bunyamwera virus (BUNV),,Aedes aegypti (Yellowfever mosquito) (Culex aegypti)
Carnivore protoparvovirus 1,1511906,Procyon lotor (Raccoon)
Borna disease virus (BDV),12455,Struthio camelus (Common ostrich)
Barley yellow dwarf virus (isolate PAV) (BYDV),,Secale cereale (Rye)
Borna disease virus (BDV),,Struthio camelus (Common ostrich)
Peanut stunt virus,12313,Apium graveolens (Celery)
Pea enation mosaic virus-1 (PEMV-1),193121,Lathyrus odoratus (Sweet pea)
Parainfluenza virus 5,11207,Homo sapiens (Human)
Venezuelan equine encephalitis virus,11036,Sigmodon hispidus (Hispid cotton rat)
Enterobacteria phage RB70 (Bacteriophage RB70),,Escherichia coli
Lymphocytic choriomeningitis mammarenavirus,11623,Mesocricetus auratus (Golden hamster)
Banna virus,77763,Homo sapiens (Human)
Ovine mastadenovirus A,114424,Bos taurus (Bovine)
Rotavirus A,28875,Gallus gallus (Chicken)
Beet ringspot virus (BRSV) (Tomato black ring virus (strain S)),,Narcissus pseudonarcissus (Daffodil)
Tomato black ring virus,12275,Solanum lycopersicum (Tomato) (Lycopersicon esculentum)
Epizootic hemorrhagic disease virus,40054,Antilocapra americana (Pronghorn)
Nipah virus,,Sus scrofa (Pig)
Alfalfa mosaic virus,12321,Trifolium repens (Creeping white clover)
Tai Forest ebolavirus,186541,Homo sapiens (Human)
Pea seed-borne mosaic virus,12208,Pisum sativum (Garden pea)
Beet western yellows virus,12042,Trifolium subterraneum (Subterranean clover)
Enterobacteria phage LZ3 (Bacteriophage LZ3),,Escherichia coli
Clover yellow mosaic virus (CYMV),,Pisum sativum (Garden pea)
Gallid herpesvirus 2,10390,Meleagris gallopavo (Common turkey)
Gloriosa stripe mosaic virus (GSMV),,Vicia sativa (Spring vetch) (Tare)
Pelargonium zonate spot virus (PZSV),116056,Solanum lycopersicum (Tomato) (Lycopersicon esculentum)
Barley yellow dwarf virus,12037,Oryza sativa (Rice)
Human herpesvirus 1 (HHV-1) (Human herpes simplex virus 1),10298,Homo sapiens (Human)
St. Louis encephalitis virus,11080,Carpodacus mexicanus (House finch) (Haemorhous mexicanus)
JC polyomavirus (JCPyV) (JCV),,Homo sapiens (Human)
Clover yellow mosaic virus (CYMV),,Medicago sativa (Alfalfa)
Enterobacteria phage FI sensu lato,329855,Escherichia coli
Lettuce mosaic virus,12202,Carthamus tinctorius (Safflower)
Mouse mammary tumor virus (MMTV),11757,Mus musculus (Mouse)
Enterobacteria phage P1 (Bacteriophage P1),10678,Escherichia coli
Pepper mottle virus (PeMV),12209,Datura inoxia (Downy thornapple) (Datura meteloides)
Pariacoto virus (PaV),,Spodoptera eridania (Southern armyworm)
Rotavirus A,28875,Oryctolagus cuniculus (Rabbit)
Japanese encephalitis virus,11072,Equus caballus (Horse)
Vaccinia virus,10245,Oryctolagus cuniculus (Rabbit)
Tobacco mosaic virus,12242,Solanum lycopersicum (Tomato) (Lycopersicon esculentum)
Chapare mammarenavirus (isolate Human/Bolivia/810419/2003),,Homo sapiens (Human)
Enterobacteria phage RB18 (Bacteriophage RB18),,Escherichia coli
Tomato black ring virus,12275,Apium graveolens (Celery)
Groundnut rosette virus,47740,Vigna unguiculata (Cowpea)
Alfalfa mosaic virus,12321,Phaseolus vulgaris (Kidney bean) (French bean)
Tobacco rattle virus,12295,Solanum lycopersicum (Tomato) (Lycopersicon esculentum)
Southern bean mosaic virus,12139,Vigna unguiculata (Cowpea)
Mason-Pfizer monkey virus (MPMV) (Simian Mason-Pfizer virus),11855,Macaca mulatta (Rhesus macaque)
West Nile virus (WNV),11082,Equus caballus (Horse)
Parsnip yellow fleck virus,12777,Pastinaca sativa (Parsnip) (Anethum pastinaca)
Human herpesvirus 7,10372,Homo sapiens (Human)
Rice stripe virus,12331,Oryza sativa (Rice)
St. Louis encephalitis virus,11080,Homo sapiens (Human)
Maize streak virus,10821,Eleusine coracana (Indian finger millet) (Ragi)
Subterranean clover stunt virus (SCSV),36772,Trifolium repens (Creeping white clover)
Maize rough dwarf virus (MRDV),,Lolium perenne (Perennial ryegrass)
Bunyamwera virus (BUNV),35304,Equus caballus (Horse)
Khujand virus (KHUV),,Myotis mystacinus (Whiskered bat)
Rift valley fever virus (RVFV),,Homo sapiens (Human)
Enterobacteria phage lambda (Bacteriophage lambda),10710,Escherichia coli
Wound tumor virus (WTV),10987,Catharanthus roseus (Madagascar periwinkle) (Vinca rosea)
Sweet potato mild mottle virus,41459,Ipomoea batatas (Sweet potato) (Convolvulus batatas)
Hirame rhabdovirus,38142,Paralichthys olivaceus (Bastard halibut) (Hippoglossus olivaceus)
Shigella phage SfX (Shigella flexneri bacteriophage X) (Bacteriophage SfX),,Shigella flexneri
Choristoneura fumiferana nuclear polyhedrosis virus (CfMNPV),,Choristoneura fumiferana (Spruce budworm moth) (Archips fumiferana)
Poplar mosaic virus,12166,Populus deltoides (Eastern poplar) (Eastern cottonwood)
Bluetongue virus,40051,Ovis aries (Sheep)
Harvey murine sarcoma virus,,Mus musculus (Mouse)
Bovine leukemia virus (BLV),,Bos taurus (Bovine)
Autographa californica multiple nucleopolyhedrovirus,307456,Helicoverpa zea (Corn earworm moth) (Heliothis zea)
Bovine ephemeral fever virus (BEFV),11303,Bos taurus (Bovine)
Influenza A virus,11320,Sus scrofa (Pig)
Dugbe virus,11595,Homo sapiens (Human)
Bdellovibrio phage phiMH2K (Bacteriophage phiMH2K),,Bdellovibrio bacteriovorus
Infectious salmon anemia virus,55987,Oncorhynchus kisutch (Coho salmon) (Salmo kisutch)
Soybean chlorotic mottle virus,,Vigna unguiculata (Cowpea)
Alfalfa mosaic virus,12321,Malva parviflora (Little mallow) (Cheeseweed mallow)
Tomato spotted wilt virus (strain SA-05) (TSWV) (Groundnut ringspot virus),,Solanum lycopersicum (Tomato) (Lycopersicon esculentum)
Tomato torrado virus,370833,Solanum tuberosum (Potato)
Vesicular stomatitis New Jersey virus,11280,Musca domestica (House fly)
Potato mop-top virus,37128,Solanum tuberosum (Potato)
Infectious salmon anemia virus,55987,Gadus morhua (Atlantic cod)
Satellite St. Augustine decline virus (SSADV),,Panicum virgatum (Switchgrass)
Tomato leaf curl virus,28350,Solanum lycopersicum (Tomato) (Lycopersicon esculentum)
Canine distemper virus,11232,Panthera leo (Lion)
Peanut stunt virus,12313,Lupinus luteus (European yellow lupin)
Crimean-Congo hemorrhagic fever virus,11593,Homo sapiens (Human)
Vibrio phage CP-T1 (Bacteriophage CP-T1),,Vibrio cholerae
Borna disease virus (BDV),12455,Oryctolagus cuniculus (Rabbit)
Alfalfa mosaic virus,12321,Trifolium incarnatum (Crimson clover)
African horse sickness virus,40050,Loxodonta africana (African elephant)
Triticum mosaic virus,431317,Avena sativa (Oat)
Idnoreovirus 1,311226,Diadromus pulchellus (Parasitic wasp)
Cherry rasp leaf virus (CRLV),202566,Malus domestica (Apple) (Pyrus malus)
Tomato yellow leaf curl virus,10832,Solanum nigrum (Black nightshade)
Cowpea chlorotic mottle virus (CCMV),,Vigna unguiculata (Cowpea)
Carnation ringspot virus (CRSV),12268,Dianthus caryophyllus (Carnation) (Clove pink)
Lepidopteran iteradensovirus 1,1513210,Bombyx mori (Silk moth)
Enterobacteria phage HK97 (Bacteriophage HK97),,Escherichia coli
Tobacco rattle virus,12295,Beta vulgaris (Sugar beet)
Swinepox virus (SWPV),10276,Sus scrofa (Pig)
Murine coronavirus,694005,Rattus norvegicus (Rat)
Carnation mottle virus (CarMV),,Saponaria officinalis (Common soapwort) (Lychnis saponaria)
Viral hemorrhagic septicemia virus,11287,Oncorhynchus mykiss (Rainbow trout) (Salmo gairdneri)
Enterobacteria phage ZJ/2 (Bacteriophage ZJ-2),,Escherichia coli
Adelaide River virus (ARV),,Syncerus caffer (African buffalo)
Louping ill virus (Li),11086,Sus scrofa (Pig)
Murid herpesvirus 4 (MuHV-4) (Murine gammaherpesvirus 68),,Apodemus sylvaticus (European woodmouse)
Ribgrass mosaic virus (RMV),,Plantago lanceolata (English plantain) (Ribwort plantain)
Sigma virus,,Drosophila melanogaster (Fruit fly)
Hepatitis A virus,12092,Chlorocebus aethiops (Green monkey) (Cercopithecus aethiops)
Primate erythroparvovirus 1,1511900,Homo sapiens (Human)
Citrus tristeza virus,12162,Citrus reticulata (Tangerine)
Striped jack nervous necrosis virus (SjNNV),,Lates calcarifer (Barramundi) (Holocentrus calcarifer)
Tobacco ringspot virus (TobRV) (TRSV),,Nicotiana tabacum (Common tobacco)
Bacillus phage SP01 (Bacteriophage SP01),,Bacillus subtilis
African green monkey simian foamy virus,338079,Chlorocebus aethiops (Green monkey) (Cercopithecus aethiops)
Pea enation mosaic virus-1 (PEMV-1),193121,Lens culinaris (Lentil) (Cicer lens)
Tobacco ringspot virus (TobRV) (TRSV),12282,Solanum lycopersicum (Tomato) (Lycopersicon esculentum)
Human herpesvirus 2 (HHV-2) (Human herpes simplex virus 2),10310,Homo sapiens (Human)
Chikungunya virus (CHIKV),37124,Aedes aegypti (Yellowfever mosquito) (Culex aegypti)
Nipah virus,,Pteropus hypomelanus (Island flying fox) (Variable flying fox)
Soybean mosaic virus,12222,Glycine max (Soybean) (Glycine hispida)
Spleen focus-forming virus,11819,Mus musculus (Mouse)
Acanthamoeba polyphaga mimivirus (APMV),,Acanthamoeba polyphaga (Amoeba)
Hepatitis delta virus (HDV),12475,Homo sapiens (Human)
Torque teno mini virus 1,687369,Homo sapiens (Human)
Potato virus X (PVX),12183,Solanum tuberosum (Potato)
Tobacco yellow dwarf virus,10830,Solanum lycopersicum (Tomato) (Lycopersicon esculentum)
Feline rotavirus,10921,Felis catus (Cat) (Felis silvestris catus)
Watermelon mosaic virus,146500,Cucurbita pepo (Vegetable marrow) (Summer squash)
Flock house virus (FHV),,Hordeum vulgare (Barley)
Dhori virus,11318,Homo sapiens (Human)
Rift valley fever virus (RVFV),,Camelus bactrianus (Bactrian camel)
Sputnik virophage,,Acanthamoeba polyphaga (Amoeba)
Rinderpest virus,11241,Giraffa camelopardalis (Giraffe)
Cercopithecine herpesvirus 16 (CeHV-16) (Herpesvirus papio 2),,Macaca mulatta (Rhesus macaque)
California encephalitis virus,35305,Bos taurus (Bovine)
Lettuce mosaic virus,12202,Pisum sativum (Garden pea)
Bovine papillomavirus type 3,10561,Bos taurus (Bovine)
Foot-and-mouth disease virus,12110,Loxodonta africana (African elephant)
Rice dwarf virus (RDV),10991,Nephotettix cincticeps (Green rice leafhopper) (Selenocephalus cincticeps)
Striped jack nervous necrosis virus (SjNNV),,Epinephelus akaara (Hong Kong grouper) (Serranus akaara)
Papaya ringspot virus,12205,Cucurbita pepo (Vegetable marrow) (Summer squash)
Potato leafroll virus (PLrV),,Solanum tuberosum (Potato)
Caprine arthritis encephalitis virus (CAEV),,Capra hircus (Goat)
Adelaide River virus (ARV),,Bos taurus (Bovine)
Abelson murine leukemia virus,,Mus musculus (Mouse)
Peanut stunt virus,12313,Medicago sativa (Alfalfa)
Sudan ebolavirus,186540,Homo sapiens (Human)
Human coronavirus 229E (HCoV-229E),,Homo sapiens (Human)
Tobacco mosaic virus,12242,Plantago lanceolata (English plantain) (Ribwort plantain)
Enterobacteria phage BZ13 (Bacteriophage BZ13),,Escherichia coli
Gloriosa stripe mosaic virus (GSMV),,Arachis hypogaea (Peanut)
Papaya ringspot virus,12205,Citrullus lanatus (Watermelon) (Citrullus vulgaris)
Avian coronavirus,694014,Meleagris gallopavo (Common turkey)
La Piedad-Michoacan-Mexico virus (LPMV),,Sus scrofa (Pig)
Beet ringspot virus (BRSV) (Tomato black ring virus (strain S)),,Phaseolus vulgaris (Kidney bean) (French bean)
European brown hare syndrome virus,33756,Lepus europaeus (European hare)
Listeria phage A118 (Bacteriophage A118),,Listeria monocytogenes
Rice tungro bacilliform virus,10654,Oryza sativa (Rice)
Enterovirus C,138950,Homo sapiens (Human)
Caviid herpesvirus 2,33706,Cavia porcellus (Guinea pig)
Infectious salmon anemia virus,55987,Salmo trutta (Brown trout)
High Plains virus,48726,Triticum aestivum (Wheat)
Pea enation mosaic virus-1 (PEMV-1),193121,Vicia sativa (Spring vetch) (Tare)
Bovine respiratory syncytial virus,11246,Bos taurus (Bovine)
Triticum mosaic virus,431317,Triticum aestivum (Wheat)
Apple chlorotic leaf spot virus,12175,Prunus persica (Peach) (Amygdalus persica)
Parsnip yellow fleck virus,12777,Coriandrum sativum (Coriander) (Chinese parsley)
Beet yellows virus,12161,Beta vulgaris (Sugar beet)
Infectious pancreatic necrosis virus,11002,Oncorhynchus mykiss (Rainbow trout) (Salmo gairdneri)
His 1 virus (His1V) (Haloarcula hispanica virus 1),128708,Haloarcula hispanica
Turnip mosaic virus (strain Japanese) (TuMV),,Stellaria media (Common chickweed) (Alsine media)
Peste-des-petits-ruminants virus (PPRV),,Capra hircus (Goat)
Mycobacterium phage Bxz1 (Mycobacteriophage Bxz1),,Mycobacterium vaccae
Enterobacteria phage 186 (Bacteriophage 186),,Escherichia coli
Severe acute respiratory syndrome-related coronavirus,694009,Homo sapiens (Human)
Bean yellow mosaic virus,,Pisum sativum (Garden pea)
Pea early browning virus,,Phaseolus vulgaris (Kidney bean) (French bean)
Alfalfa mosaic virus,12321,Lablab purpureus (Hyacinth bean) (Dolichos lablab)
Maize streak virus,10821,Avena sativa (Oat)
Human mastadenovirus B,108098,Homo sapiens (Human)
Thogoto virus,11569,Amblyomma variegatum (Tropical bont tick)
Beet western yellows virus,12042,Capsicum annuum (Bell pepper)
Tomato mosaic virus,12253,Antirrhinum majus (Garden snapdragon)
Barley mild mosaic virus,12466,Hordeum vulgare (Barley)
Tomato spotted wilt virus (TSWV),11613,Solanum lycopersicum (Tomato) (Lycopersicon esculentum)
Southern cowpea mosaic virus (SCPMV) (Southern bean mosaic virus (strain cowpea)),,Glycine max (Soybean) (Glycine hispida)
Tobacco streak virus,12317,Glycine max (Soybean) (Glycine hispida)
Staphylococcus phage phiMR25,,Staphylococcus aureus
Potato virus M,12167,Solanum tuberosum (Potato)
Leishmania RNA virus 1,1678905,Leishmania major
Serratia phage KSP20 (Serratia marcescens bacteriophage KSP20),,Serratia marcescens
Sendai virus,11191,Rattus norvegicus (Rat)
Getah virus (GETV),,Equus caballus (Horse)
Tupaiid herpesvirus 1 (strain 1) (TuHV-1) (Herpesvirus tupaia (strain 1)),,Tupaia belangeri (Common tree shrew) (Tupaia glis belangeri)
Kappapapillomavirus 2,10623,Sylvilagus floridanus (Cottontail rabbit)
Tobacco rattle virus,12295,Narcissus pseudonarcissus (Daffodil)
Tomato pseudo-curly top virus (TPCTV),,Solanum nigrum (Black nightshade)
Eriocheir sinensis reovirus (EsRV),273810,Eriocheir sinensis (Chinese mitten crab)
Foot-and-mouth disease virus,12110,Sus scrofa (Pig)
Rice dwarf virus (RDV),,Nephotettix cincticeps (Green rice leafhopper) (Selenocephalus cincticeps)
Rice tungro spherical virus,35287,Oryza sativa (Rice)
Sugarcane mosaic virus,12224,Sorghum bicolor (Sorghum) (Sorghum vulgare)
Bovine parainfluenza 3 virus (BPIV-3),,Bos taurus (Bovine)
Gammapapillomavirus 4,333930,Homo sapiens (Human)
Enterobacteria phage G4 (Bacteriophage G4),,Escherichia coli
Cercopithecine herpesvirus 16 (CeHV-16) (Herpesvirus papio 2),,Homo sapiens (Human)
Clover yellow vein virus,,Trifolium subterraneum (Subterranean clover)
Barley stripe mosaic virus (BSMV),,Triticum aestivum (Wheat)
Enterobacteria phage PRD1 (Bacteriophage PRD1),,Proteus mirabilis
Bovine herpesvirus 4 (BoHV-4) (Movar virus),,Bos taurus (Bovine)
Ungulate bocaparvovirus 1,1511873,Bos taurus (Bovine)
Peanut mottle virus,33763,Pisum sativum (Garden pea)
Pepper ringspot virus,31750,Nicotiana tabacum (Common tobacco)
Ribgrass mosaic virus (RMV),,Nicotiana tabacum (Common tobacco)
Pichinde mammarenavirus (PICV) (Pichind mammarenavirus),,Homo sapiens (Human)
Human herpesvirus 8 (HHV-8) (Kaposi's sarcoma-associated herpesvirus),37296,Homo sapiens (Human)
Groundnut rosette virus,47740,Lablab purpureus (Hyacinth bean) (Dolichos lablab)
Viral hemorrhagic septicemia virus,11287,Esox lucius (Northern pike)
Equine rotavirus,10937,Equus caballus (Horse)
Borna disease virus (BDV),12455,Lama glama (Llama)
Foot-and-mouth disease virus,12110,Bos taurus (Bovine)
Borna disease virus (BDV),,Lama glama (Llama)
Isfahan virus (ISFV),,Phlebotomus papatasi (Sandfly)
Enterobacteria phage LZ5 (Bacteriophage LZ5),,Escherichia coli
Cypovirus 1 (CPV-1),205895,Bombyx mori (Silk moth)
Encephalomyocarditis virus,,Sus scrofa (Pig)
Enterobacteria phage phiK (Bacteriophage phi-K),,Escherichia coli
Alphapapillomavirus 10,333754,Homo sapiens (Human)
Watermelon mosaic virus,146500,Cucumis sativus (Cucumber)
Torque teno virus 1,687340,Homo sapiens (Human)
Wheat dwarf virus,10834,Avena sativa (Oat)
Satellite panicum mosaic virus (SPMV),,Pennisetum americanum (Pearl millet) (Pennisetum glaucum)
Influenza A virus,11320,Panthera pardus (Leopard) (Felis pardus)
Newbury-1 virus,696856,Bos taurus (Bovine)
Listeria phage A500 (Bacteriophage A500),,Listeria monocytogenes
Pepper mottle virus (PeMV),12209,Capsicum annuum (Bell pepper)
Beet western yellows virus,12042,Cicer arietinum (Chickpea) (Garbanzo)
Machupo virus (MACV),,Chlorocebus aethiops (Green monkey) (Cercopithecus aethiops)
Puumala virus,11604,Homo sapiens (Human)
Powassan virus,11083,Marmota monax (Woodchuck)
Bovine ephemeral fever virus (BEFV),11303,Bubalus bubalis (Domestic water buffalo)
Bean golden yellow mosaic virus,220340,Phaseolus lunatus (Lima bean) (Phaseolus limensis)
Pothos latent virus,44562,Cajanus cajan (Pigeon pea) (Cajanus indicus)
Clover yellow vein virus,,Lupinus luteus (European yellow lupin)
Viral hemorrhagic septicemia virus,11287,Oncorhynchus kisutch (Coho salmon) (Salmo kisutch)
Bovine herpesvirus 4 (BoHV-4) (Movar virus),10385,Felis catus (Cat) (Felis silvestris catus)
Tobacco ringspot virus (TobRV) (TRSV),,Cucumis sativus (Cucumber)
Severe acute respiratory syndrome-related coronavirus,694009,Rhinolophus ferrumequinum (Greater horseshoe bat)
Chloris striate mosaic virus (CSMV),,Zea mays (Maize)
Louping ill virus (Li),11086,Bos taurus (Bovine)
Junin mammarenavirus (JUNV) (Junn mammarenavirus),,Calomys laucha (Small vesper mouse)
Strawberry mild yellow edge-associated virus (SMYEaV),,Fragaria vesca (Woodland strawberry) (Potentilla vesca)
Beet curly top virus,10840,Phaseolus vulgaris (Kidney bean) (French bean)
Louping ill virus (Li),11086,Homo sapiens (Human)
Beet ringspot virus (BRSV) (Tomato black ring virus (strain S)),,Lactuca sativa (Garden lettuce)
WU polyomavirus (WUPyV),,Homo sapiens (Human)
Peanut mottle virus,33763,Glycine max (Soybean) (Glycine hispida)
Rice yellow stunt virus (RYSV) (Rice transitory yellowing virus),,Oryza sativa (Rice)
Maize rough dwarf virus (MRDV),,Cynodon dactylon (Bermuda grass) (Panicum dactylon)
Enterobacteria phage T4 sensu lato,348604,Escherichia coli
Apple stem pitting virus,35350,Pyrus communis (Pear) (Pyrus domestica)
Mungbean yellow mosaic virus,33726,Vigna radiata (Mung bean)
Passion fruit woodiness virus,31732,Passiflora edulis (Passion fruit)
Hepatitis E virus (HEV),12461,Chlorocebus aethiops (Green monkey) (Cercopithecus aethiops)
Seoul virus,11608,Rattus rattus (Black rat)
Enterobacteria phage P4 (Bacteriophage P4),,Escherichia coli
Gloriosa stripe mosaic virus (GSMV),,Glycine max (Soybean) (Glycine hispida)
Hepatitis B virus (HBV),10407,Pongo pygmaeus (Bornean orangutan)
Frog virus 3 (FV-3),10493,Lithobates pipiens (Northern leopard frog) (Rana pipiens)
Mupapillomavirus 2,334204,Homo sapiens (Human)
Bovine mastadenovirus B,129950,Bos taurus (Bovine)
Puumala virus,11604,Myodes glareolus (Bank vole) (Clethrionomys glareolus)
Nile crocodilepox virus,1285600,Crocodylus niloticus (Nile crocodile) (African crocodile)
Orf virus (ORFV),10258,Homo sapiens (Human)
Middelburg virus,,Ovis aries (Sheep)
Barley yellow dwarf virus (isolate PAV) (BYDV),12040,Triticum aestivum (Wheat)
Bacillus phage rho11s (Bacteriophage rho-11s),,Bacillus subtilis
Cowpox virus (CPV),,Homo sapiens (Human)
Cowpox virus (CPV),10243,Myodes glareolus (Bank vole) (Clethrionomys glareolus)
Aquareovirus G,519014,Pseudorasbora parva
Bacillus phage SPbeta (Bacillus phage SPBc2) (Bacteriophage SP-beta),,Bacillus subtilis
Maize streak virus,10821,Eleusine indica (Goosegrass) (Cynosurus indicus)
Satellite tobacco mosaic virus (STMV),,Nicotiana glauca (Glaucous tobacco) (Tree tobacco)
Lettuce infectious yellows virus (LIYV),31713,Lactuca sativa (Garden lettuce)
Salmonella phage HK620 (Bacteriophage HK620),,Escherichia coli
Japanese encephalitis virus,11072,Homo sapiens (Human)
Pea early browning virus,,Pisum sativum (Garden pea)
Human cytomegalovirus (HHV-5) (Human herpesvirus 5),,Homo sapiens (Human)
Barley yellow dwarf virus (isolate MAV) (BYDV),12038,Zea mays (Maize)
Clostridium phage phiCD119,320122,Peptoclostridium difficile (Clostridium difficile)
Listeria phage A511 (Bacteriophage A511),,Listeria monocytogenes
Alphacoronavirus 1,693997,Sus scrofa (Pig)
Louping ill virus (Li),,Homo sapiens (Human)
Eggplant mosaic virus,,Solanum lycopersicum (Tomato) (Lycopersicon esculentum)
Punta toro phlebovirus,,Homo sapiens (Human)
Human mastadenovirus E,130308,Homo sapiens (Human)
Carnation mottle virus (CarMV),,Malus domestica (Apple) (Pyrus malus)
Lepidopteran ambidensovirus 1,1513188,Galleria mellonella (Greater wax moth)
Ground squirrel hepatitis virus (strain 27) (GSHV),10406,Sciurus carolinensis (Gray squirrel)
Chikungunya virus (CHIKV),37124,Pan troglodytes (Chimpanzee)
Beet curly top virus,10840,Solanum tuberosum (Potato)
Eggplant mosaic virus,,Solanum melongena (Eggplant) (Aubergine)
Maize mosaic virus (MMV),279896,Zea mays (Maize)
Southern bean mosaic virus,12139,Vigna mungo (Black gram) (Phaseolus mungo)
Tobacco mild green mosaic virus (TMGMV) (TMV strain U2),,Nicotiana tabacum (Common tobacco)
Torque teno virus,68887,Homo sapiens (Human)
Enterobacteria phage T7 (Bacteriophage T7),,Escherichia coli
Enterobacteria phage PRD1 (Bacteriophage PRD1),,Vibrio cholerae
Avian leukosis virus (ALV),,Gallus gallus (Chicken)
Tomato leaf curl virus,28350,Malva parviflora (Little mallow) (Cheeseweed mallow)
Barley yellow dwarf virus,12037,Triticum aestivum (Wheat)
West Nile virus (WNV),,Homo sapiens (Human)
Dipteran brevidensovirus 1,1513193,Aedes albopictus (Asian tiger mosquito) (Stegomyia albopicta)
Canine distemper virus,11232,Ailuropoda melanoleuca (Giant panda)
Raspberry bushy dwarf virus (RBDV),,Rubus ursinus (California blackberry)
Enterococcus phage phiEF24C (Enterococcus bacteriophage phi-EF24C),,Enterococcus faecalis (Streptococcus faecalis)
Red clover necrotic mosaic virus (RCNMV),,Medicago sativa (Alfalfa)
Cowpea severe mosaic virus,12261,Canavalia ensiformis (Jack bean) (Dolichos ensiformis)
Peanut mottle virus,33763,Arachis hypogaea (Peanut)
Tobacco streak virus,12317,Phaseolus vulgaris (Kidney bean) (French bean)
Apple chlorotic leaf spot virus,12175,Prunus armeniaca (Apricot) (Armeniaca vulgaris)
Ovine respiratory syncytial virus,28869,Ovis aries (Sheep)
Porcine circovirus 2 (PCV2),,Sus scrofa (Pig)
Pea enation mosaic virus-1 (PEMV-1),193121,Pisum sativum (Garden pea)
Shigella phage SfII (Shigella flexneri bacteriophage II) (Bacteriophage SfII),,Shigella flexneri
Staphylococcus phage phi11 (Bacteriophage phi-11),,Staphylococcus aureus
Bacillus phage SF6 (Bacteriophage SF6),,Bacillus subtilis
Barley yellow dwarf virus,12037,Secale cereale (Rye)
Cucumber mosaic virus (cucumber mosaic cucumovirus),12305,Nicotiana tabacum (Common tobacco)
Beet western yellows virus,12042,Citrullus lanatus (Watermelon) (Citrullus vulgaris)
Turnip mosaic virus (strain Japanese) (TuMV),12230,Stellaria media (Common chickweed) (Alsine media)
Bluetongue virus,40051,Capra hircus (Goat)
Milk vetch dwarf virus,67585,Glycine max (Soybean) (Glycine hispida)
Cowpox virus (CPV),10243,Loxodonta africana (African elephant)
Rinderpest virus,11241,Bubalus bubalis (Domestic water buffalo)
Rinderpest virus,11241,Capra hircus (Goat)
Human torovirus (HuTV),,Homo sapiens (Human)
Carnation Italian ringspot virus (CIRV),,Dianthus caryophyllus (Carnation) (Clove pink)
Enterobacteria phage RB3 (Bacteriophage RB3),31533,Escherichia coli
Severe acute respiratory syndrome-related coronavirus,694009,Paguma larvata (Masked palm civet)
Rice dwarf virus (RDV),,Oryza sativa (Rice)
Rhizobium phage 16-3 (Bacteriophage 16-3),,Rhizobium meliloti (Ensifer meliloti) (Sinorhizobium meliloti)
Mason-Pfizer monkey virus (MPMV) (Simian Mason-Pfizer virus),,Macaca mulatta (Rhesus macaque)
Atlantic halibut nervous necrosis virus (AhNNV),,Hippoglossus hippoglossus (Atlantic halibut) (Pleuronectes hippoglossus)
Maize streak virus,10821,Melinis repens (Natal redtop) (Rhynchelytrum repens)
Citrus tristeza virus,12162,Citrus paradisi (Grapefruit)
Rift valley fever virus (RVFV),,Bos taurus (Bovine)
Bovine herpesvirus 1,10320,Bos taurus (Bovine)
Tobacco necrosis virus (strain D) (TNV-D),,Cucumis sativus (Cucumber)
Tobacco necrosis virus (strain A) (TNV-A),,Phaseolus vulgaris (Kidney bean) (French bean)
Acute bee paralysis virus,92444,Apis mellifera (Honeybee)
Passion fruit woodiness virus,31732,Arachis hypogaea (Peanut)
Western equine encephalitis virus (WEEV),,Lepus americanus (Snowshoe hare)
Bovine herpesvirus 4 (BoHV-4) (Movar virus),,Felis catus (Cat) (Felis silvestris catus)
Barley yellow dwarf virus (isolate PAV) (BYDV),,Oryza sativa (Rice)
Rinderpest virus,11241,Ovis aries (Sheep)
Vesicular stomatitis New Jersey virus,11280,Equus caballus (Horse)
Beet mosaic virus (BtMV),,Spinacia oleracea (Spinach)
Enterobacteria phage I2-2 (Bacteriophage I2-2),,Escherichia coli
Enterobacteria phage phi80 (Bacteriophage phi-80),,Escherichia coli
Thogoto virus,11569,Cavia cutleri (Guinea pig)
Infectious salmon anemia virus,55987,Oncorhynchus mykiss (Rainbow trout) (Salmo gairdneri)
Enterobacteria phage RB3 (Bacteriophage RB3),,Escherichia coli
Cucumber green mottle mosaic virus,12235,Lagenaria siceraria (Bottle gourd) (Lagenaria leucantha)
Clover yellow vein virus,,Trifolium hybridum (Alsike clover)
Wheat yellow head virus (WYHV),,Triticum aestivum (Wheat)
Sapporo virus,95342,Homo sapiens (Human)
Human papillomavirus type ME180,,Homo sapiens (Human)
Beet mosaic virus (BtMV),,Amaranthus retroflexus (Redroot amaranth) (Redroot pigweed)
Cucumber mosaic virus (cucumber mosaic cucumovirus),12305,Cucumis sativus (Cucumber)
Barley yellow dwarf virus (isolate MAV) (BYDV),,Avena sativa (Oat)
Human coronavirus NL63 (HCoV-NL63),,Homo sapiens (Human)
Yaba monkey tumor virus (YMTV),38804,Papio hamadryas (Hamadryas baboon)
Ground squirrel hepatitis virus (strain 27) (GSHV),10406,Spermophilus beecheyi (California ground squirrel) (Otospermophilus beecheyi)
Tobacco mosaic virus,12242,Nicotiana tabacum (Common tobacco)
Serratia phage KSP100 (Serratia marcescens bacteriophage KSP100),,Serratia marcescens
Rhesus papillomavirus type 1 (Rhpv 1),,Macaca mulatta (Rhesus macaque)
Enterovirus B,138949,Sus scrofa (Pig)
Bovine papillomavirus type 5,,Bos taurus (Bovine)
Watermelon mosaic virus,146500,Citrullus lanatus (Watermelon) (Citrullus vulgaris)
Indian cassava mosaic virus (ICMV),,Manihot esculenta (Cassava) (Jatropha manihot)
Tobacco necrosis virus (strain A) (TNV-A),,Tulipa gesneriana (Garden tulip)
Tobacco vein mottling virus (TVMV),,Nicotiana tabacum (Common tobacco)
Bean yellow mosaic virus,,Glycine max (Soybean) (Glycine hispida)
Lettuce infectious yellows virus (LIYV),31713,Citrullus lanatus (Watermelon) (Citrullus vulgaris)
St. Louis encephalitis virus,11080,Culex quinquefasciatus (Southern house mosquito) (Culex pungens)
Human mastadenovirus F,130309,Homo sapiens (Human)
Cherry rasp leaf virus (CRLV),202566,Prunus avium (Cherry) (Cerasus avium)
Ovine astrovirus 1 (OAstV-1),,Ovis aries (Sheep)
Cocksfoot mottle virus,40979,Triticum aestivum (Wheat)
African horse sickness virus,40050,Equus burchelli (Plains zebra) (Equus quagga)
Baboon endogenous virus,196403,Theropithecus gelada (Gelada baboon)
Betapapillomavirus 2,333924,Homo sapiens (Human)
Raspberry ringspot virus,12809,Rubus idaeus (Raspberry)
Bacteriophage H30,,Escherichia coli
Borna disease virus (BDV),,Bos taurus (Bovine)
Colorado tick fever virus (CTFV),46839,Peromyscus maniculatus (North American deer mouse)
Feline foamy virus (FFV) (Feline syncytial virus),,Felis catus (Cat) (Felis silvestris catus)
Avian infectious bursal disease virus (IBDV) (Gumboro disease virus),,Gallus gallus (Chicken)
Betapapillomavirus 3,334207,Homo sapiens (Human)
Wound tumor virus (WTV),10987,Trifolium incarnatum (Crimson clover)
Frog adenovirus (FrAdV),298331,Lithobates pipiens (Northern leopard frog) (Rana pipiens)
Human parainfluenza virus 3,11216,Homo sapiens (Human)
Porcine mastadenovirus B,130370,Sus scrofa (Pig)
Human papillomavirus type 64,,Homo sapiens (Human)
Norwalk virus,11983,Homo sapiens (Human)
Tomato yellow leaf curl virus,10832,Solanum lycopersicum (Tomato) (Lycopersicon esculentum)
Tobacco necrosis virus (strain D) (TNV-D),,Nicotiana tabacum (Common tobacco)
Mirafiori lettuce big-vein virus,200255,Lactuca sativa (Garden lettuce)
Ross River virus,11029,Equus caballus (Horse)
Zucchini yellow mosaic virus,12232,Cucurbita pepo (Vegetable marrow) (Summer squash)
Pseudomonas phage D3112 (Bacteriophage D3112),,Pseudomonas aeruginosa
Enterobacteria phage PRD1 (Bacteriophage PRD1),,Acinetobacter calcoaceticus
Ribgrass mosaic virus (RMV),51680,Nicotiana tabacum (Common tobacco)
Mokola virus (MOKV),,Felis catus (Cat) (Felis silvestris catus)
Rubella virus (RUBV),11041,Homo sapiens (Human)
Choristoneura biennis entomopoxvirus (CbEPV),,Choristoneura fumiferana (Spruce budworm moth) (Archips fumiferana)
Maize rough dwarf virus (MRDV),,Avena sativa (Oat)
Monkeypox virus,,Cynomys parvidens (Utah prairie dog)
Flock house virus (FHV),,Galleria mellonella (Greater wax moth)
Enterobacteria phage MS2 (Bacteriophage MS2),,Escherichia coli
Ourmia melon virus,186786,Cucumis melo (Muskmelon)
Pepper ringspot virus,31750,Spinacia oleracea (Spinach)
African horse sickness virus,40050,Camelus dromedarius (Dromedary) (Arabian camel)
Myeloproliferative leukemia virus (MpLV),,Mus musculus (Mouse)
Rotavirus A,28875,Chlorocebus pygerythrus (Vervet monkey) (Cercopithecus pygerythrus)
Marburg marburgvirus,11269,Homo sapiens (Human)
Human cytomegalovirus (HHV-5) (Human herpesvirus 5),10359,Homo sapiens (Human)
Avastrovirus 2,1239438,Meleagris gallopavo (Common turkey)
Tomato bushy stunt virus,12145,Solanum lycopersicum (Tomato) (Lycopersicon esculentum)
Enterobacteria phage T3 (Bacteriophage T3),,Escherichia coli
Pseudomonas phage D3 (Bacteriophage D3),,Pseudomonas aeruginosa
Subterranean clover stunt virus (SCSV),36772,Vicia faba (Broad bean) (Faba vulgaris)
Crimean-Congo hemorrhagic fever virus,11593,Bos taurus (Bovine)
Vaccinia virus,10245,Bos taurus (Bovine)
Porcine mastadenovirus A,130369,Sus scrofa (Pig)
Avastrovirus 3,1239439,Meleagris gallopavo (Common turkey)
Encephalomyocarditis virus,12104,Mus musculus (Mouse)
Cydia pomonella granulosis virus (CpGV) (Cydia pomonella granulovirus),28289,Cydia pomonella (Codling moth)
Subterranean clover stunt virus (SCSV),36772,Pisum sativum (Garden pea)
Cacao yellow mosaic virus,,Theobroma cacao (Cacao) (Cocoa)
Carnation etched ring virus (CERV),,Dianthus caryophyllus (Carnation) (Clove pink)
Tobacco etch virus (TEV),,Capsicum annuum (Bell pepper)
Plum pox virus,12211,Prunus persica (Peach) (Amygdalus persica)
Beet ringspot virus (BRSV) (Tomato black ring virus (strain S)),,Robinia pseudoacacia (Black locust)
Salmon pancreas disease virus (SPDV),84589,Oncorhynchus mykiss (Rainbow trout) (Salmo gairdneri)
Bovine herpesvirus 2,10295,Bos taurus (Bovine)
Vesicular stomatitis Indiana virus,11277,Equus caballus (Horse)
New York virus (NYV),,Homo sapiens (Human)
Parsnip yellow fleck virus,12777,Apium graveolens (Celery)
Aquareovirus G,519014,Ctenopharyngodon idella (Grass carp) (Leuciscus idella)
Human mastadenovirus D,130310,Homo sapiens (Human)
Satellite tobacco mosaic virus (STMV),12881,Phaseolus vulgaris (Kidney bean) (French bean)
Tomato torrado virus,370833,Nicotiana tabacum (Common tobacco)
Rhinovirus A,147711,Homo sapiens (Human)
Faba bean necrotic yellows virus,59817,Cicer arietinum (Chickpea) (Garbanzo)
Hepatitis E virus (HEV),12461,Homo sapiens (Human)
Enterobacteria phage RB15 (Bacteriophage RB15),,Escherichia coli
Bean yellow mosaic virus,,Trifolium subterraneum (Subterranean clover)
California encephalitis virus,35305,Homo sapiens (Human)
Dengue virus,12637,Aedes aegypti (Yellowfever mosquito) (Culex aegypti)
Tobacco rattle virus,12295,Viola arvensis (European field pansy) (Field violet)
Marburg marburgvirus,11269,Rousettus aegyptiacus (Egyptian rousette) (Egyptian fruit bat)
Apple chlorotic leaf spot virus,12175,Pyrus communis (Pear) (Pyrus domestica)
Alfalfa mosaic virus,12321,Apium graveolens (Celery)
Abutilon mosaic virus,10815,Phaseolus vulgaris (Kidney bean) (French bean)
Thermus phage PH75 (Bacteriophage PH75),,Thermus thermophilus
Broad bean wilt virus 1 (BBWV-1),50817,Spinacia oleracea (Spinach)
Ustilago maydis P6 virus (UmV6) (UmV-P6),,Ustilago maydis (Corn smut fungus)
Gloriosa stripe mosaic virus (GSMV),,Lupinus luteus (European yellow lupin)
Yellow fever virus,11089,Aedes aegypti (Yellowfever mosquito) (Culex aegypti)
Marburg marburgvirus,11269,Chlorocebus aethiops (Green monkey) (Cercopithecus aethiops)
Potato aucuba mosaic virus (PAMV),,Solanum tuberosum (Potato)
Milk vetch dwarf virus,67585,Phaseolus vulgaris (Kidney bean) (French bean)
Borna disease virus (BDV),12455,Ovis aries (Sheep)
Alfalfa mosaic virus,12321,Pisum sativum (Garden pea)
Potato virus A (PVA),12215,Solanum nigrum (Black nightshade)
Borna disease virus (BDV),,Ovis aries (Sheep)
Enterovirus G,106966,Sus scrofa (Pig)
Porcine epidemic diarrhea virus,28295,Sus scrofa (Pig)
Rotavirus B,28876,Homo sapiens (Human)
Bovine polyomavirus (BPyV),,Bos taurus (Bovine)
Lettuce infectious yellows virus (LIYV),31713,Cucurbita pepo (Vegetable marrow) (Summer squash)
Venezuelan equine encephalitis virus,11036,Homo sapiens (Human)
Human parainfluenza virus 4,11203,Homo sapiens (Human)
Lettuce necrotic yellows virus (LNYV),32612,Lactuca sativa (Garden lettuce)
African horse sickness virus,40050,Equus asinus (Donkey) (Equus africanus asinus)
Penicillium chrysogenum virus (PcV),158372,Penicillium chrysogenum (Penicillium notatum)
Cymbidium ringspot virus (CymRSV),,Trifolium repens (Creeping white clover)
Tanapox virus,99000,Homo sapiens (Human)
Cowpea severe mosaic virus,12261,Vigna radiata (Mung bean)
Carnation latent virus (CLV),,Dianthus caryophyllus (Carnation) (Clove pink)
Ribgrass mosaic virus (RMV),51680,Digitalis lanata (Grecian foxglove)
Hantaan virus,11599,Apodemus agrarius (Eurasian field mouse)
Cycas necrotic stunt virus (CNSV),,Cycas revoluta (Sago palm)
Human herpesvirus 6B (strain HST) (HHV-6 variant B) (Human B lymphotropic virus),,Homo sapiens (Human)
Youcai mosaic virus,228578,Brassica napus (Rape)
Human picobirnavirus,145856,Homo sapiens (Human)
Red sea bream iridovirus (RSIV),,Thunnus thynnus (Atlantic bluefin tuna) (Scomber thynnus)
African green monkey polyomavirus,12480,Chlorocebus aethiops (Green monkey) (Cercopithecus aethiops)
Lactococcus phage mv4 (Lactococcus delbrueckii bacteriophage mv4),,Lactobacillus delbrueckii
Beet western yellows virus,12042,Solanum lycopersicum (Tomato) (Lycopersicon esculentum)
Pepper ringspot virus,31750,Solanum tuberosum (Potato)
Louping ill virus (Li),,Sus scrofa (Pig)
Oat chlorotic stunt virus,146762,Avena sativa (Oat)
Tobacco necrosis virus (strain A) (TNV-A),,Nicotiana clevelandii (Wild tobacco)
Banna virus,77763,Sus scrofa (Pig)
Bean yellow mosaic virus,,Medicago sativa (Alfalfa)
Cowpox virus (CPV),,Myodes glareolus (Bank vole) (Clethrionomys glareolus)
African swine fever virus (ASFV),10497,Sus scrofa (Pig)
Rift valley fever virus (RVFV),11588,Bos taurus (Bovine)
Gloriosa stripe mosaic virus (GSMV),,Trifolium subterraneum (Subterranean clover)
Tobacco ringspot virus (TobRV) (TRSV),12282,Lactuca sativa (Garden lettuce)
Simian immunodeficiency virus (SIV),11723,Chlorocebus tantalus (Tantalus monkey) (Cercopithecus tantalus)
Hendra virus,63330,Pteropus alecto (Black flying fox)
Andean potato mottle virus (APMV),,Solanum tuberosum (Potato)
Japanese encephalitis virus,11072,Bos taurus (Bovine)
Shigella phage Sf6 (Shigella flexneri bacteriophage VI) (Bacteriophage SfVI),,Shigella flexneri
Rice gall dwarf virus (RGDV),,Oryza sativa (Rice)
African horse sickness virus,40050,Equus hemionus (Onager) (Asian wild ass)
Cassava vein mosaic virus (CsVMV),,Manihot esculenta (Cassava) (Jatropha manihot)
African horse sickness virus,40050,Equus caballus (Horse)
Clover yellow mosaic virus (CYMV),,Stellaria media (Common chickweed) (Alsine media)
Enterovirus A,138948,Homo sapiens (Human)
Elephantid herpesvirus 1 (EIHV-1) (Elephant endotheliotropic herpesvirus),146015,Loxodonta africana (African elephant)
Lymphocytic choriomeningitis mammarenavirus,11623,Mus musculus (Mouse)
Choristoneura fumiferana cypovirus (CfCPV) (Choristoneura fumiferana cytoplasmic polyhedrosis virus),,Choristoneura fumiferana (Spruce budworm moth) (Archips fumiferana)
Tobacco ringspot virus (TobRV) (TRSV),12282,Solanum tuberosum (Potato)
Tomato spotted wilt virus (TSWV),,Solanum lycopersicum (Tomato) (Lycopersicon esculentum)
Sandfly fever sicilian virus (SFS),,Phlebotomus papatasi (Sandfly)
Grapevine chrome mosaic virus (GCMV) (Hungarian grapevine chrome mosaic virus),,Apium graveolens (Celery)
Ribgrass mosaic virus (RMV),51680,Plantago lanceolata (English plantain) (Ribwort plantain)
Barley yellow dwarf virus (isolate MAV) (BYDV),12038,Oryza sativa (Rice)
Alphapapillomavirus 4,337043,Homo sapiens (Human)
Cowpox virus (CPV),10243,Felis catus (Cat) (Felis silvestris catus)
Thogoto virus,11569,Rhipicephalus appendiculatus (Brown ear tick)
Barmah forest virus (BFV),,Homo sapiens (Human)
Bean yellow mosaic virus,,Lupinus luteus (European yellow lupin)
Sendai virus,11191,Cavia cutleri (Guinea pig)
Human herpesvirus 2 (HHV-2) (Human herpes simplex virus 2),,Homo sapiens (Human)
Hepatitis C virus,11103,Homo sapiens (Human)
California encephalitis virus,35305,Gallus gallus (Chicken)
Lymphocytic choriomeningitis mammarenavirus,11623,Homo sapiens (Human)
Bovine torovirus,74501,Bos taurus (Bovine)
Human immunodeficiency virus 2,11709,Homo sapiens (Human)
Classical swine fever virus,11096,Sus scrofa (Pig)
Cowpea mosaic virus (CPMV),12264,Cajanus cajan (Pigeon pea) (Cajanus indicus)
Borna disease virus (BDV),12455,Felis catus (Cat) (Felis silvestris catus)
Hepatitis A virus,12092,Homo sapiens (Human)
Gammapapillomavirus 2,333928,Homo sapiens (Human)
Bean yellow mosaic virus,,Robinia pseudoacacia (Black locust)
Borna disease virus (BDV),12455,Hexaprotodon liberiensis (Pygmy hippopotamus) (Choeropsis liberiensis)
Tomato torrado virus,370833,Capsicum annuum (Bell pepper)
Bacillus phage SP02 (Bacteriophage SP02),,Bacillus subtilis
Enterobacteria phage Qbeta sensu lato,427703,Escherichia coli
Zucchini yellow mosaic virus,12232,Cucumis melo (Muskmelon)
Bunyamwera virus (BUNV),,Homo sapiens (Human)
Maize streak virus,10821,Zea mays (Maize)
Cowpea chlorotic mottle virus (CCMV),,Glycine max (Soybean) (Glycine hispida)
Bean leafroll virus (BLRV),,Vicia faba (Broad bean) (Faba vulgaris)
Rodent protoparvovirus 1,1511908,Rattus norvegicus (Rat)
Avian orthoreovirus,38170,Gallus gallus (Chicken)
Faba bean necrotic yellows virus,59817,Vicia faba (Broad bean) (Faba vulgaris)
Maize streak virus,10821,Paspalum notatum (Bahia grass)
Squash mosaic virus,12263,Citrullus lanatus (Watermelon) (Citrullus vulgaris)
Bat coronavirus HKU5 (BtCoV) (BtCoV/HKU5/2004),,Pipistrellus abramus (Japanese pipistrelle) (Pipistrellus javanicus abramus)
Enterobacteria phage lambda (Bacteriophage lambda),,Escherichia coli
Streptococcus phage Cp-1 (Bacteriophage Cp-1),10747,Streptococcus pneumoniae
Clover yellow vein virus,,Glycine max (Soybean) (Glycine hispida)
Canine distemper virus,11232,Ailurus fulgens (Lesser panda) (Red panda)
Beet necrotic yellow vein virus,31721,Spinacia oleracea (Spinach)
Nipah virus,,Homo sapiens (Human)
Human parainfluenza 2 virus (HPIV-2),11212,Homo sapiens (Human)
Poplar mosaic virus,12166,Populus nigra (Lombardy poplar)
Mupapillomavirus 1,334203,Homo sapiens (Human)
Woodchuck hepatitis virus,35269,Marmota monax (Woodchuck)
Thermoproteus tenax virus 1,10479,Thermoproteus tenax
Machupo virus (MACV),,Homo sapiens (Human)
Bovine immunodeficiency virus,11657,Bos javanicus (Wild banteng)
Staphylococcus phage Twort,55510,Staphylococcus phage Twort
Cocal virus (COCV),,Bos taurus (Bovine)
Potato virus A (PVA),,Solanum tuberosum (Potato)
Barley yellow dwarf virus,12037,Zea mays (Maize)
Rice stripe virus,12331,Avena sativa (Oat)
Bean pod mottle virus,12260,Glycine max (Soybean) (Glycine hispida)
Western equine encephalitis virus (WEEV),,Carpodacus mexicanus (House finch) (Haemorhous mexicanus)
Pseudomonas phage Pf3 (Bacteriophage Pf3),,Pseudomonas aeruginosa
Visna/maedi virus,11741,Ovis aries (Sheep)
African swine fever virus (ASFV),10497,Phacochoerus africanus (Warthog)
Pea enation mosaic virus-1 (PEMV-1),193121,Vicia faba (Broad bean) (Faba vulgaris)
Beet western yellows virus,12042,Spinacia oleracea (Spinach)
Borna disease virus (BDV),,Felis catus (Cat) (Felis silvestris catus)
Ross River virus,11029,Sus scrofa (Pig)
Bean leafroll virus (BLRV),,Cicer arietinum (Chickpea) (Garbanzo)
Grapevine virus A,35288,Vitis vinifera (Grape)
Peste-des-petits-ruminants virus (PPRV),,Ovis aries (Sheep)
Borna disease virus (BDV),12455,Capra hircus (Goat)
Bombyx mori nuclear polyhedrosis virus (BmNPV),,Bombyx mori (Silk moth)
Northern cereal mosaic virus (NCMV),,Hordeum vulgare (Barley)
Barley yellow dwarf virus (isolate MAV) (BYDV),,Secale cereale (Rye)
Rice stripe virus,12331,Setaria italica (Foxtail millet) (Panicum italicum)
Beet western yellows virus,12042,Glycine max (Soybean) (Glycine hispida)
Powassan virus,11083,Lepus americanus (Snowshoe hare)
Turnip yellow mosaic virus,12154,Malva parviflora (Little mallow) (Cheeseweed mallow)
Bacillus phage rho15 (Bacteriophage rho-15),,Bacillus subtilis
Hepatitis B virus (HBV),10407,Pan troglodytes (Chimpanzee)
Australian bat lyssavirus,90961,Pteropus alecto (Black flying fox)
Alfalfa mosaic virus,12321,Lactuca sativa (Garden lettuce)
Tobacco ringspot virus (TobRV) (TRSV),12282,Beta vulgaris (Sugar beet)
Powassan virus,11083,Homo sapiens (Human)
Barley yellow dwarf virus (isolate MAV) (BYDV),12038,Triticum aestivum (Wheat)
Dengue virus,12637,Erythrocebus patas (Red guenon) (Cercopithecus patas)
Papaya ringspot virus,12205,Momordica charantia (Bitter gourd) (Balsam pear)
Crimean-Congo hemorrhagic fever virus,11593,Rhipicephalus microplus (Cattle tick) (Boophilus microplus)
Bean leafroll virus (BLRV),,Phaseolus vulgaris (Kidney bean) (French bean)
Gloriosa stripe mosaic virus (GSMV),,Trifolium incarnatum (Crimson clover)
Striped jack nervous necrosis virus (SjNNV),,Dicentrarchus labrax (European seabass) (Morone labrax)
Gloriosa stripe mosaic virus (GSMV),,Vicia faba (Broad bean) (Faba vulgaris)
Sclerotinia sclerotiorum debilitation-associated RNA virus,213034,Sclerotinia sclerotiorum (White mold) (Whetzelinia sclerotiorum)
Cowpea severe mosaic virus,12261,Vigna unguiculata (Cowpea)
Raspberry bushy dwarf virus (RBDV),12451,Rubus idaeus (Raspberry)
Louping ill virus (Li),11086,Ovis aries (Sheep)
Invertebrate iridescent virus 6 (IIV-6) (Chilo iridescent virus),,Spodoptera frugiperda (Fall armyworm)
Tobacco etch virus (TEV),,Solanum lycopersicum (Tomato) (Lycopersicon esculentum)
Rotavirus A,28875,Homo sapiens (Human)
Parsnip yellow fleck virus,12777,Daucus carota (Wild carrot)
Vaccinia virus,10245,Homo sapiens (Human)
Influenza A virus,11320,Mustela lutreola (European mink)
Gloriosa stripe mosaic virus (GSMV),,Robinia pseudoacacia (Black locust)
Staphylococcus phage 42D (Bacteriophage P42D),,Staphylococcus aureus
Tomato golden mosaic virus,10831,Solanum lycopersicum (Tomato) (Lycopersicon esculentum)
Rotavirus C,36427,Homo sapiens (Human)
African swine fever virus (ASFV),10497,Potamochoerus larvatus (Bushpig)
Influenza A virus,11320,Homo sapiens (Human)
Maize streak virus,10821,Hordeum vulgare (Barley)
Enterobacteria phage PRD1 (Bacteriophage PRD1),,Pseudomonas aeruginosa
Viral hemorrhagic septicemia virus,11287,Coregonus lavaretus (Common whitefish) (Salmo lavaretus)
Barley yellow dwarf virus (isolate MAV) (BYDV),12038,Secale cereale (Rye)
Staphylococcus phage 44AHJD,,Staphylococcus aureus
Potato virus X (PVX),12183,Brassica campestris (Field mustard)
Rotavirus H,1348384,Homo sapiens (Human)
Uukuniemi virus (Uuk),11591,Ixodes ricinus (Common tick)
Maize streak virus,10821,Oryza sativa (Rice)
Beet western yellows virus,12042,Vicia faba (Broad bean) (Faba vulgaris)
Pea enation mosaic virus-1 (PEMV-1),193121,Trifolium incarnatum (Crimson clover)
Pigeon circovirus (PiCV) (Columbid circovirus),,Columba livia (Rock dove)
Soybean chlorotic mottle virus,,Glycine max (Soybean) (Glycine hispida)
Avian infectious bursal disease virus (IBDV) (Gumboro disease virus),10995,Meleagris gallopavo (Common turkey)
Hepatitis E virus (HEV),12461,Sus scrofa (Pig)
Bean yellow dwarf virus (BeYDV),,Phaseolus vulgaris (Kidney bean) (French bean)
Lassa mammarenavirus,11620,Homo sapiens (Human)
Potato mop-top virus,37128,Solanum nigrum (Black nightshade)
Cowpox virus (CPV),10243,Mus musculus (Mouse)
Yaba monkey tumor virus (YMTV),38804,Homo sapiens (Human)
Rift valley fever virus (RVFV),11588,Homo sapiens (Human)
Narcissus mosaic virus (NMV),,Narcissus pseudonarcissus (Daffodil)
Bean yellow mosaic virus,,Papaver somniferum (Opium poppy)
Hamster polyomavirus (HaPyV),,Mesocricetus auratus (Golden hamster)
Tobacco etch virus (TEV),,Datura stramonium (Jimsonweed) (Common thornapple)
Pichinde mammarenavirus (PICV) (Pichind mammarenavirus),,Cavia cutleri (Guinea pig)
Spring viremia of carp virus (Rhabdovirus carpia),,Cyprinus carpio (Common carp)
Soybean chlorotic mottle virus,,Phaseolus vulgaris (Kidney bean) (French bean)
Rice black streaked dwarf virus (RBSDV),,Hordeum vulgare (Barley)
Cowpea mosaic virus (CPMV),12264,Crotalaria juncea (Sunn hemp)
Betapapillomavirus 1,337051,Homo sapiens (Human)
Cucumber mosaic virus (cucumber mosaic cucumovirus),12305,Spinacia oleracea (Spinach)
Simian immunodeficiency virus (SIV),11723,Pan troglodytes (Chimpanzee)
Tobacco ringspot virus (TobRV) (TRSV),12282,Narcissus pseudonarcissus (Daffodil)
BK polyomavirus (BKPyV),,Homo sapiens (Human)